image,ground_truth,predicted_class,predicted_binary,confidence,correct,latency_ms
images_(1).JPG,healthy,crown_root_rot,unhealthy,0.9869,0,170.8
images_(10).JPG,healthy,crown_root_rot,unhealthy,0.9523,0,87.3
images_(100).JPG,healthy,leaf_rust,unhealthy,0.983,0,93.1
images_(101).JPG,healthy,leaf_rust,unhealthy,0.5804,0,92.7
images_(102).JPG,healthy,crown_root_rot,unhealthy,0.9475,0,91.2
images_(103).JPG,healthy,crown_root_rot,unhealthy,0.9346,0,98.9
images_(104).JPG,healthy,crown_root_rot,unhealthy,0.9986,0,110.0
images_(105).JPG,healthy,crown_root_rot,unhealthy,0.9935,0,112.2
images_(11).JPG,healthy,leaf_rust,unhealthy,0.9101,0,104.8
images_(12).JPG,healthy,leaf_rust,unhealthy,0.979,0,118.6
images_(13).JPG,healthy,leaf_rust,unhealthy,0.9774,0,117.8
images_(14).JPG,healthy,leaf_rust,unhealthy,0.4768,0,98.0
images_(15).JPG,healthy,leaf_rust,unhealthy,0.778,0,118.3
images_(16).JPG,healthy,crown_root_rot,unhealthy,0.8285,0,110.7
images_(17).JPG,healthy,leaf_rust,unhealthy,0.8773,0,86.4
images_(18).JPG,healthy,crown_root_rot,unhealthy,0.4815,0,81.0
images_(19).JPG,healthy,crown_root_rot,unhealthy,0.999,0,83.7
images_(2).JPG,healthy,crown_root_rot,unhealthy,0.9986,0,84.4
images_(20).JPG,healthy,crown_root_rot,unhealthy,0.5969,0,76.8
images_(21).JPG,healthy,crown_root_rot,unhealthy,0.7004,0,85.4
images_(22).JPG,healthy,crown_root_rot,unhealthy,0.9064,0,74.0
images_(23).JPG,healthy,crown_root_rot,unhealthy,0.6457,0,75.4
images_(24).JPG,healthy,crown_root_rot,unhealthy,0.9275,0,80.9
images_(25).JPG,healthy,crown_root_rot,unhealthy,0.8807,0,73.3
images_(26).JPG,healthy,crown_root_rot,unhealthy,0.4614,0,81.0
images_(27).JPG,healthy,crown_root_rot,unhealthy,0.7363,0,74.3
images_(28).JPG,healthy,crown_root_rot,unhealthy,0.9622,0,96.7
images_(29).JPG,healthy,crown_root_rot,unhealthy,0.9653,0,93.7
images_(3).JPG,healthy,crown_root_rot,unhealthy,0.974,0,86.4
images_(30).JPG,healthy,crown_root_rot,unhealthy,0.9945,0,89.1
images_(31).JPG,healthy,crown_root_rot,unhealthy,0.9477,0,78.5
images_(32).JPG,healthy,crown_root_rot,unhealthy,0.5626,0,90.6
images_(33).JPG,healthy,leaf_rust,unhealthy,0.71,0,79.7
images_(34).JPG,healthy,leaf_rust,unhealthy,0.7157,0,88.9
images_(35).JPG,healthy,leaf_rust,unhealthy,0.6361,0,93.6
images_(36).JPG,healthy,leaf_rust,unhealthy,0.6723,0,89.1
images_(37).JPG,healthy,leaf_rust,unhealthy,0.769,0,86.5
images_(38).JPG,healthy,leaf_rust,unhealthy,0.755,0,83.1
images_(39).JPG,healthy,leaf_rust,unhealthy,0.9846,0,113.5
images_(4).JPG,healthy,crown_root_rot,unhealthy,0.9952,0,80.0
images_(40).JPG,healthy,leaf_rust,unhealthy,0.9778,0,79.3
images_(41).JPG,healthy,leaf_rust,unhealthy,0.9849,0,81.9
images_(42).JPG,healthy,leaf_rust,unhealthy,0.9839,0,85.8
images_(43).JPG,healthy,leaf_rust,unhealthy,0.9902,0,88.6
images_(44).JPG,healthy,leaf_rust,unhealthy,0.9738,0,98.1
images_(45).JPG,healthy,leaf_rust,unhealthy,0.8814,0,95.2
images_(46).JPG,healthy,crown_root_rot,unhealthy,0.534,0,95.1
images_(47).JPG,healthy,crown_root_rot,unhealthy,0.9905,0,94.1
images_(48).JPG,healthy,leaf_rust,unhealthy,0.468,0,95.2
images_(49).JPG,healthy,leaf_rust,unhealthy,0.4192,0,105.4
images_(5).JPG,healthy,leaf_rust,unhealthy,0.6517,0,87.5
images_(50).JPG,healthy,crown_root_rot,unhealthy,0.3727,0,109.5
images_(51).JPG,healthy,leaf_rust,unhealthy,0.4973,0,81.0
images_(52).JPG,healthy,crown_root_rot,unhealthy,0.7794,0,86.7
images_(53).JPG,healthy,crown_root_rot,unhealthy,0.4027,0,97.0
images_(54).JPG,healthy,leaf_rust,unhealthy,0.7667,0,104.7
images_(55).JPG,healthy,leaf_rust,unhealthy,0.7356,0,91.1
images_(56).JPG,healthy,leaf_rust,unhealthy,0.5705,0,100.6
images_(57).JPG,healthy,leaf_rust,unhealthy,0.5288,0,116.7
images_(58).JPG,healthy,leaf_rust,unhealthy,0.5626,0,100.9
images_(59).JPG,healthy,wheat_loose_smut,unhealthy,0.5474,0,94.6
images_(6).JPG,healthy,crown_root_rot,unhealthy,0.9844,0,86.1
images_(60).JPG,healthy,leaf_rust,unhealthy,0.9427,0,110.8
images_(61).JPG,healthy,leaf_rust,unhealthy,0.9855,0,109.9
images_(62).JPG,healthy,leaf_rust,unhealthy,0.7468,0,105.0
images_(63).JPG,healthy,leaf_rust,unhealthy,0.5762,0,87.8
images_(64).JPG,healthy,crown_root_rot,unhealthy,0.6588,0,112.0
images_(65).JPG,healthy,crown_root_rot,unhealthy,0.8981,0,91.1
images_(66).JPG,healthy,crown_root_rot,unhealthy,0.5951,0,98.3
images_(67).JPG,healthy,leaf_rust,unhealthy,0.99,0,101.3
images_(68).JPG,healthy,leaf_rust,unhealthy,0.9956,0,107.6
images_(69).JPG,healthy,leaf_rust,unhealthy,0.9951,0,108.0
images_(7).JPG,healthy,crown_root_rot,unhealthy,0.9651,0,99.1
images_(70).JPG,healthy,leaf_rust,unhealthy,0.9731,0,100.1
images_(71).JPG,healthy,leaf_rust,unhealthy,0.9832,0,101.7
images_(72).JPG,healthy,leaf_rust,unhealthy,0.9835,0,102.8
images_(73).JPG,healthy,leaf_rust,unhealthy,0.9192,0,101.7
images_(74).JPG,healthy,leaf_rust,unhealthy,0.7643,0,97.5
images_(75).JPG,healthy,crown_root_rot,unhealthy,0.8127,0,103.8
images_(76).JPG,healthy,crown_root_rot,unhealthy,0.6736,0,97.2
images_(77).JPG,healthy,crown_root_rot,unhealthy,0.5651,0,83.8
images_(78).JPG,healthy,crown_root_rot,unhealthy,0.7673,0,106.9
images_(79).JPG,healthy,crown_root_rot,unhealthy,0.7934,0,103.6
images_(8).JPG,healthy,crown_root_rot,unhealthy,0.9612,0,117.3
images_(80).JPG,healthy,crown_root_rot,unhealthy,0.8811,0,87.6
images_(81).JPG,healthy,leaf_rust,unhealthy,0.9275,0,79.5
images_(82).JPG,healthy,leaf_rust,unhealthy,0.7399,0,81.7
images_(83).JPG,healthy,leaf_rust,unhealthy,0.9098,0,81.1
images_(84).JPG,healthy,leaf_rust,unhealthy,0.7435,0,83.9
images_(85).JPG,healthy,leaf_rust,unhealthy,0.8682,0,104.1
images_(86).JPG,healthy,leaf_rust,unhealthy,0.9459,0,104.3
images_(87).JPG,healthy,leaf_rust,unhealthy,0.3883,0,85.0
images_(88).JPG,healthy,crown_root_rot,unhealthy,0.7317,0,98.0
images_(89).JPG,healthy,leaf_rust,unhealthy,0.6999,0,112.4
images_(9).JPG,healthy,crown_root_rot,unhealthy,0.9761,0,105.4
images_(90).JPG,healthy,leaf_rust,unhealthy,0.7258,0,86.5
images_(91).JPG,healthy,leaf_rust,unhealthy,0.8024,0,103.1
images_(92).JPG,healthy,leaf_rust,unhealthy,0.5947,0,104.0
images_(93).JPG,healthy,crown_root_rot,unhealthy,0.8255,0,176.7
images_(94).JPG,healthy,leaf_rust,unhealthy,0.5322,0,134.2
images_(95).JPG,healthy,leaf_rust,unhealthy,0.9929,0,106.3
images_(96).JPG,healthy,leaf_rust,unhealthy,0.9922,0,107.9
images_(97).JPG,healthy,leaf_rust,unhealthy,0.9841,0,125.2
images_(98).JPG,healthy,leaf_rust,unhealthy,0.9434,0,100.4
images_(99).JPG,healthy,leaf_rust,unhealthy,0.964,0,101.6
images_(1)_0007.jpg,unhealthy,crown_root_rot,unhealthy,0.724,1,17.3
images_(1)_0027.jpg,unhealthy,crown_root_rot,unhealthy,0.9986,1,12.7
images_(1)_0037.jpg,unhealthy,crown_root_rot,unhealthy,1.0,1,13.6
images_(1)_0042.jpg,unhealthy,crown_root_rot,unhealthy,0.9995,1,14.0
images_(1)_0046.jpg,unhealthy,crown_root_rot,unhealthy,0.7773,1,14.6
images_(10)_0003.jpg,unhealthy,crown_root_rot,unhealthy,0.4885,1,14.2
images_(10)_0014.jpg,unhealthy,crown_root_rot,unhealthy,0.999,1,14.2
images_(10)_0026.jpg,unhealthy,crown_root_rot,unhealthy,1.0,1,13.9
images_(10)_0034.jpg,unhealthy,crown_root_rot,unhealthy,0.9985,1,13.2
images_(10)_0038.jpg,unhealthy,leaf_rust,unhealthy,0.5703,1,12.5
images_(10)_0040.jpg,unhealthy,leaf_rust,unhealthy,0.6213,1,12.0
images_(10)_0046.jpg,unhealthy,crown_root_rot,unhealthy,0.9901,1,12.6
images_(100)_0010.jpg,unhealthy,crown_root_rot,unhealthy,0.7164,1,13.6
images_(100)_0015.jpg,unhealthy,crown_root_rot,unhealthy,0.8004,1,15.0
images_(100)_0030.jpg,unhealthy,crown_root_rot,unhealthy,1.0,1,13.7
images_(101)_0013.jpg,unhealthy,crown_root_rot,unhealthy,0.9998,1,17.2
images_(101)_0033.jpg,unhealthy,crown_root_rot,unhealthy,0.9999,1,15.4
images_(101)_0052.jpg,unhealthy,leaf_rust,unhealthy,0.549,1,11.9
images_(102)_0008.jpg,unhealthy,crown_root_rot,unhealthy,0.9997,1,11.2
images_(102)_0030.jpg,unhealthy,crown_root_rot,unhealthy,0.9995,1,12.7
images_(102)_0038.jpg,unhealthy,crown_root_rot,unhealthy,0.9916,1,12.1
images_(102)_0042.jpg,unhealthy,crown_root_rot,unhealthy,1.0,1,11.9
images_(102)_0045.jpg,unhealthy,leaf_rust,unhealthy,0.5187,1,13.9
images_(102)_0046.jpg,unhealthy,crown_root_rot,unhealthy,0.7948,1,11.2
images_(103)_0004.jpg,unhealthy,crown_root_rot,unhealthy,0.9999,1,12.3
images_(103)_0007.jpg,unhealthy,crown_root_rot,unhealthy,0.965,1,12.8
images_(103)_0017.jpg,unhealthy,crown_root_rot,unhealthy,1.0,1,15.1
images_(103)_0041.jpg,unhealthy,crown_root_rot,unhealthy,0.8605,1,13.5
images_(103)_0050.jpg,unhealthy,crown_root_rot,unhealthy,0.9934,1,13.2
images_(104)_0004.jpg,unhealthy,crown_root_rot,unhealthy,0.9996,1,11.2
images_(104)_0005.jpg,unhealthy,crown_root_rot,unhealthy,0.9955,1,12.6
images_(104)_0011.jpg,unhealthy,leaf_rust,unhealthy,0.659,1,14.3
images_(104)_0014.jpg,unhealthy,crown_root_rot,unhealthy,0.7162,1,13.8
images_(104)_0017.jpg,unhealthy,crown_root_rot,unhealthy,0.9986,1,12.4
images_(104)_0037.jpg,unhealthy,crown_root_rot,unhealthy,0.9821,1,13.8
images_(104)_0043.jpg,unhealthy,crown_root_rot,unhealthy,0.9989,1,12.5
images_(104)_0050.jpg,unhealthy,crown_root_rot,unhealthy,0.9901,1,15.5
images_(105)_0008.jpg,unhealthy,crown_root_rot,unhealthy,0.9157,1,15.8
images_(105)_0012.jpg,unhealthy,crown_root_rot,unhealthy,0.9973,1,12.6
images_(105)_0014.jpg,unhealthy,crown_root_rot,unhealthy,0.9987,1,14.2
images_(105)_0023.jpg,unhealthy,crown_root_rot,unhealthy,0.3853,1,12.8
images_(105)_0034.jpg,unhealthy,crown_root_rot,unhealthy,0.999,1,12.6
images_(11)_0006.jpg,unhealthy,crown_root_rot,unhealthy,0.9995,1,12.2
images_(11)_0011.jpg,unhealthy,crown_root_rot,unhealthy,0.9705,1,13.7
images_(11)_0020.jpg,unhealthy,crown_root_rot,unhealthy,1.0,1,15.4
images_(11)_0040.jpg,unhealthy,crown_root_rot,unhealthy,0.9989,1,14.1
images_(12)_0002.jpg,unhealthy,crown_root_rot,unhealthy,0.8849,1,13.4
images_(12)_0008.jpg,unhealthy,crown_root_rot,unhealthy,0.9985,1,12.0
images_(12)_0011.jpg,unhealthy,crown_root_rot,unhealthy,0.9888,1,14.7
images_(12)_0020.jpg,unhealthy,crown_root_rot,unhealthy,0.9999,1,13.7
images_(12)_0022.jpg,unhealthy,crown_root_rot,unhealthy,1.0,1,12.8
images_(12)_0023.jpg,unhealthy,crown_root_rot,unhealthy,0.9996,1,12.2
images_(12)_0029.jpg,unhealthy,crown_root_rot,unhealthy,0.9999,1,14.0
images_(12)_0040.jpg,unhealthy,crown_root_rot,unhealthy,0.9993,1,16.6
images_(12)_0044.jpg,unhealthy,crown_root_rot,unhealthy,0.9982,1,12.3
images_(12)_0051.jpg,unhealthy,crown_root_rot,unhealthy,0.9944,1,14.4
images_(13)_0009.jpg,unhealthy,crown_root_rot,unhealthy,0.9922,1,14.2
images_(13)_0010.jpg,unhealthy,crown_root_rot,unhealthy,0.4179,1,13.7
images_(13)_0013.jpg,unhealthy,crown_root_rot,unhealthy,0.9996,1,14.1
images_(13)_0014.jpg,unhealthy,crown_root_rot,unhealthy,1.0,1,15.3
images_(13)_0015.jpg,unhealthy,crown_root_rot,unhealthy,1.0,1,14.7
images_(13)_0016.jpg,unhealthy,crown_root_rot,unhealthy,1.0,1,13.9
images_(13)_0019.jpg,unhealthy,crown_root_rot,unhealthy,0.9995,1,14.4
images_(13)_0021.jpg,unhealthy,crown_root_rot,unhealthy,1.0,1,15.2
images_(13)_0025.jpg,unhealthy,crown_root_rot,unhealthy,0.9996,1,14.3
images_(13)_0028.jpg,unhealthy,crown_root_rot,unhealthy,0.9999,1,14.5
images_(13)_0034.jpg,unhealthy,crown_root_rot,unhealthy,0.8305,1,15.6
images_(13)_0036.jpg,unhealthy,crown_root_rot,unhealthy,0.9996,1,13.3
images_(14)_0023.jpg,unhealthy,crown_root_rot,unhealthy,0.9999,1,14.9
images_(14)_0034.jpg,unhealthy,leaf_rust,unhealthy,0.9164,1,13.4
images_(14)_0043.jpg,unhealthy,crown_root_rot,unhealthy,0.769,1,12.7
images_(14)_0045.jpg,unhealthy,leaf_rust,unhealthy,0.8074,1,12.0
images_(15)_0021.jpg,unhealthy,crown_root_rot,unhealthy,1.0,1,14.4
images_(15)_0024.jpg,unhealthy,crown_root_rot,unhealthy,0.9998,1,13.3
images_(15)_0048.jpg,unhealthy,leaf_rust,unhealthy,0.8887,1,14.8
images_(17)_0000.jpg,unhealthy,crown_root_rot,unhealthy,0.9949,1,13.6
images_(17)_0004.jpg,unhealthy,crown_root_rot,unhealthy,1.0,1,12.7
images_(17)_0025.jpg,unhealthy,crown_root_rot,unhealthy,0.9996,1,12.6
images_(17)_0041.jpg,unhealthy,crown_root_rot,unhealthy,0.6682,1,13.6
images_(17)_0045.jpg,unhealthy,leaf_rust,unhealthy,0.6937,1,12.7
images_(18)_0006.jpg,unhealthy,crown_root_rot,unhealthy,1.0,1,14.6
images_(18)_0009.jpg,unhealthy,crown_root_rot,unhealthy,0.8809,1,14.2
images_(18)_0017.jpg,unhealthy,crown_root_rot,unhealthy,0.9997,1,11.7
images_(18)_0033.jpg,unhealthy,leaf_rust,unhealthy,0.8834,1,11.3
images_(19)_0016.jpg,unhealthy,crown_root_rot,unhealthy,0.9899,1,10.9
images_(19)_0017.jpg,unhealthy,crown_root_rot,unhealthy,0.9999,1,12.2
images_(19)_0026.jpg,unhealthy,crown_root_rot,unhealthy,0.54,1,12.2
images_(19)_0040.jpg,unhealthy,wheat_loose_smut,unhealthy,0.5661,1,13.6
images_(19)_0048.jpg,unhealthy,crown_root_rot,unhealthy,0.7309,1,11.9
images_(2)_0017.jpg,unhealthy,leaf_rust,unhealthy,0.4132,1,11.0
images_(2)_0029.jpg,unhealthy,crown_root_rot,unhealthy,0.808,1,11.2
images_(2)_0034.jpg,unhealthy,crown_root_rot,unhealthy,0.9999,1,11.6
images_(2)_0042.jpg,unhealthy,crown_root_rot,unhealthy,0.9762,1,12.1
images_(2)_0047.jpg,unhealthy,crown_root_rot,unhealthy,0.9956,1,11.8
images_(20)_0010.jpg,unhealthy,crown_root_rot,unhealthy,1.0,1,12.3
images_(20)_0021.jpg,unhealthy,crown_root_rot,unhealthy,0.9977,1,11.8
images_(20)_0044.jpg,unhealthy,crown_root_rot,unhealthy,0.9941,1,12.5
images_(21)_0014.jpg,unhealthy,crown_root_rot,unhealthy,0.9818,1,13.7
images_(21)_0019.jpg,unhealthy,crown_root_rot,unhealthy,0.9978,1,12.0
images_(21)_0031.jpg,unhealthy,crown_root_rot,unhealthy,0.9999,1,11.6
images_(21)_0034.jpg,unhealthy,crown_root_rot,unhealthy,0.9303,1,11.3
images_(21)_0040.jpg,unhealthy,crown_root_rot,unhealthy,0.9237,1,13.7
images_(21)_0045.jpg,unhealthy,crown_root_rot,unhealthy,0.8075,1,12.0
images_(21)_0046.jpg,unhealthy,crown_root_rot,unhealthy,0.9734,1,11.5
images_(22)_0019.jpg,unhealthy,crown_root_rot,unhealthy,0.9829,1,15.8
images_(22)_0028.jpg,unhealthy,leaf_rust,unhealthy,0.8346,1,12.1
images_(22)_0031.jpg,unhealthy,crown_root_rot,unhealthy,0.997,1,16.5
images_(22)_0034.jpg,unhealthy,crown_root_rot,unhealthy,0.9915,1,14.5
images_(23)_0026.jpg,unhealthy,crown_root_rot,unhealthy,0.781,1,14.1
images_(23)_0027.jpg,unhealthy,wheat_loose_smut,unhealthy,0.5775,1,14.3
images_(23)_0047.jpg,unhealthy,crown_root_rot,unhealthy,0.6963,1,13.2
images_(23)_0049.jpg,unhealthy,leaf_rust,unhealthy,0.6605,1,15.8
images_(24)_0003.jpg,unhealthy,crown_root_rot,unhealthy,0.9632,1,12.2
images_(24)_0051.jpg,unhealthy,crown_root_rot,unhealthy,0.8366,1,14.5
images_(25)_0011.jpg,unhealthy,leaf_rust,unhealthy,0.6809,1,14.3
images_(25)_0015.jpg,unhealthy,crown_root_rot,unhealthy,0.9994,1,15.0
images_(25)_0019.jpg,unhealthy,crown_root_rot,unhealthy,0.9834,1,14.6
images_(25)_0041.jpg,unhealthy,leaf_rust,unhealthy,0.7025,1,11.6
images_(25)_0048.jpg,unhealthy,crown_root_rot,unhealthy,0.7784,1,12.5
images_(25)_0050.jpg,unhealthy,crown_root_rot,unhealthy,0.587,1,13.3
images_(26)_0002.jpg,unhealthy,crown_root_rot,unhealthy,0.6416,1,17.5
images_(26)_0004.jpg,unhealthy,crown_root_rot,unhealthy,0.9293,1,12.1
images_(26)_0025.jpg,unhealthy,crown_root_rot,unhealthy,0.9884,1,18.0
images_(26)_0045.jpg,unhealthy,crown_root_rot,unhealthy,0.5601,1,13.1
images_(27)_0000.jpg,unhealthy,crown_root_rot,unhealthy,0.8615,1,12.7
images_(27)_0004.jpg,unhealthy,crown_root_rot,unhealthy,0.7833,1,13.2
images_(27)_0009.jpg,unhealthy,crown_root_rot,unhealthy,0.9134,1,55.5
images_(27)_0035.jpg,unhealthy,crown_root_rot,unhealthy,0.5258,1,15.7
images_(27)_0037.jpg,unhealthy,crown_root_rot,unhealthy,0.9999,1,19.2
images_(27)_0048.jpg,unhealthy,crown_root_rot,unhealthy,0.9994,1,13.1
images_(27)_0051.jpg,unhealthy,crown_root_rot,unhealthy,0.9988,1,14.7
images_(28)_0013.jpg,unhealthy,crown_root_rot,unhealthy,0.7877,1,15.7
images_(28)_0019.jpg,unhealthy,crown_root_rot,unhealthy,0.9953,1,12.5
images_(28)_0028.jpg,unhealthy,crown_root_rot,unhealthy,0.9665,1,14.6
images_(28)_0036.jpg,unhealthy,crown_root_rot,unhealthy,0.9999,1,15.8
images_(28)_0045.jpg,unhealthy,crown_root_rot,unhealthy,0.9157,1,13.4
images_(29)_0007.jpg,unhealthy,crown_root_rot,unhealthy,0.6241,1,12.1
images_(29)_0021.jpg,unhealthy,leaf_rust,unhealthy,0.5934,1,13.3
images_(29)_0032.jpg,unhealthy,crown_root_rot,unhealthy,0.9662,1,13.8
images_(29)_0036.jpg,unhealthy,crown_root_rot,unhealthy,0.9999,1,15.3
images_(29)_0037.jpg,unhealthy,crown_root_rot,unhealthy,0.6163,1,13.2
images_(29)_0039.jpg,unhealthy,crown_root_rot,unhealthy,0.9997,1,11.9
images_(29)_0050.jpg,unhealthy,crown_root_rot,unhealthy,0.988,1,12.1
images_(3)_0000.jpg,unhealthy,crown_root_rot,unhealthy,0.9347,1,12.2
images_(3)_0001.jpg,unhealthy,wheat_loose_smut,unhealthy,0.6984,1,11.8
images_(3)_0007.jpg,unhealthy,crown_root_rot,unhealthy,0.9439,1,12.2
images_(3)_0011.jpg,unhealthy,wheat_loose_smut,unhealthy,0.477,1,11.1
images_(3)_0020.jpg,unhealthy,crown_root_rot,unhealthy,0.9994,1,9.6
images_(3)_0025.jpg,unhealthy,crown_root_rot,unhealthy,0.9998,1,11.8
images_(3)_0028.jpg,unhealthy,crown_root_rot,unhealthy,0.7106,1,10.0
images_(3)_0031.jpg,unhealthy,crown_root_rot,unhealthy,1.0,1,9.8
images_(3)_0040.jpg,unhealthy,crown_root_rot,unhealthy,0.9719,1,12.1
images_(3)_0041.jpg,unhealthy,crown_root_rot,unhealthy,0.7177,1,14.8
images_(3)_0044.jpg,unhealthy,leaf_rust,unhealthy,0.9887,1,11.8
images_(30)_0010.jpg,unhealthy,crown_root_rot,unhealthy,0.6564,1,10.4
images_(30)_0022.jpg,unhealthy,crown_root_rot,unhealthy,0.9926,1,12.7
images_(30)_0024.jpg,unhealthy,crown_root_rot,unhealthy,0.9826,1,11.0
images_(30)_0038.jpg,unhealthy,crown_root_rot,unhealthy,0.9831,1,14.0
images_(30)_0039.jpg,unhealthy,crown_root_rot,unhealthy,0.8783,1,11.1
images_(30)_0048.jpg,unhealthy,crown_root_rot,unhealthy,1.0,1,13.3
images_(31)_0001.jpg,unhealthy,crown_root_rot,unhealthy,0.9882,1,12.1
images_(31)_0003.jpg,unhealthy,crown_root_rot,unhealthy,0.9517,1,12.1
images_(31)_0014.jpg,unhealthy,crown_root_rot,unhealthy,0.9489,1,10.2
images_(31)_0020.jpg,unhealthy,crown_root_rot,unhealthy,0.9459,1,10.3
images_(31)_0022.jpg,unhealthy,leaf_rust,unhealthy,0.7856,1,10.1
images_(32)_0003.jpg,unhealthy,crown_root_rot,unhealthy,0.5668,1,14.9
images_(32)_0029.jpg,unhealthy,crown_root_rot,unhealthy,1.0,1,12.8
images_(32)_0050.jpg,unhealthy,crown_root_rot,unhealthy,1.0,1,10.8
images_(33)_0006.jpg,unhealthy,leaf_rust,unhealthy,0.5878,1,11.4
images_(33)_0029.jpg,unhealthy,leaf_rust,unhealthy,0.999,1,11.8
images_(33)_0048.jpg,unhealthy,crown_root_rot,unhealthy,0.9989,1,10.7
images_(34)_0001.jpg,unhealthy,crown_root_rot,unhealthy,0.6651,1,11.2
images_(34)_0005.jpg,unhealthy,crown_root_rot,unhealthy,1.0,1,11.8
images_(34)_0023.jpg,unhealthy,leaf_rust,unhealthy,0.9912,1,9.4
images_(34)_0039.jpg,unhealthy,crown_root_rot,unhealthy,0.9999,1,10.1
images_(34)_0044.jpg,unhealthy,crown_root_rot,unhealthy,1.0,1,11.9
images_(35)_0002.jpg,unhealthy,crown_root_rot,unhealthy,0.5512,1,15.8
images_(35)_0004.jpg,unhealthy,crown_root_rot,unhealthy,0.999,1,14.6
images_(35)_0008.jpg,unhealthy,leaf_rust,unhealthy,0.8104,1,12.9
images_(35)_0020.jpg,unhealthy,crown_root_rot,unhealthy,0.9818,1,14.6
images_(35)_0021.jpg,unhealthy,crown_root_rot,unhealthy,0.9995,1,16.3
images_(35)_0026.jpg,unhealthy,crown_root_rot,unhealthy,0.9889,1,14.8
images_(35)_0032.jpg,unhealthy,crown_root_rot,unhealthy,1.0,1,20.6
images_(35)_0038.jpg,unhealthy,crown_root_rot,unhealthy,1.0,1,15.8
images_(35)_0051.jpg,unhealthy,crown_root_rot,unhealthy,0.9644,1,14.8
images_(36)_0011.jpg,unhealthy,leaf_rust,unhealthy,0.6952,1,15.1
images_(36)_0016.jpg,unhealthy,leaf_rust,unhealthy,0.9825,1,13.3
images_(36)_0017.jpg,unhealthy,leaf_rust,unhealthy,0.9846,1,12.1
images_(36)_0042.jpg,unhealthy,crown_root_rot,unhealthy,0.9985,1,14.0
images_(36)_0044.jpg,unhealthy,crown_root_rot,unhealthy,1.0,1,14.0
images_(36)_0049.jpg,unhealthy,crown_root_rot,unhealthy,0.9798,1,12.1
images_(36)_0051.jpg,unhealthy,leaf_rust,unhealthy,0.5284,1,14.0
images_(37)_0002.jpg,unhealthy,leaf_rust,unhealthy,0.5695,1,12.4
images_(37)_0012.jpg,unhealthy,leaf_rust,unhealthy,0.7638,1,10.8
images_(37)_0036.jpg,unhealthy,crown_root_rot,unhealthy,0.9951,1,9.2
images_(37)_0046.jpg,unhealthy,crown_root_rot,unhealthy,1.0,1,10.9
images_(37)_0048.jpg,unhealthy,crown_root_rot,unhealthy,0.9024,1,10.7
images_(38)_0025.jpg,unhealthy,crown_root_rot,unhealthy,0.9975,1,9.9
images_(38)_0028.jpg,unhealthy,crown_root_rot,unhealthy,1.0,1,9.0
images_(38)_0036.jpg,unhealthy,crown_root_rot,unhealthy,0.9986,1,12.2
images_(38)_0040.jpg,unhealthy,crown_root_rot,unhealthy,1.0,1,12.2
images_(38)_0053.jpg,unhealthy,wheat_loose_smut,unhealthy,0.4542,1,11.9
images_(39)_0028.jpg,unhealthy,crown_root_rot,unhealthy,0.9999,1,12.4
images_(39)_0037.jpg,unhealthy,crown_root_rot,unhealthy,0.7162,1,12.0
images_(4)_0006.jpg,unhealthy,crown_root_rot,unhealthy,0.9685,1,11.8
images_(4)_0007.jpg,unhealthy,wheat_loose_smut,unhealthy,0.4109,1,11.4
images_(4)_0014.jpg,unhealthy,crown_root_rot,unhealthy,0.9733,1,12.5
images_(4)_0023.jpg,unhealthy,crown_root_rot,unhealthy,0.7325,1,12.0
images_(4)_0027.jpg,unhealthy,crown_root_rot,unhealthy,1.0,1,12.8
images_(4)_0031.jpg,unhealthy,crown_root_rot,unhealthy,0.7785,1,13.7
images_(4)_0032.jpg,unhealthy,crown_root_rot,unhealthy,0.9968,1,15.5
images_(4)_0048.jpg,unhealthy,crown_root_rot,unhealthy,0.9691,1,11.6
images_(4)_0049.jpg,unhealthy,crown_root_rot,unhealthy,0.9933,1,13.2
images_(4)_0052.jpg,unhealthy,crown_root_rot,unhealthy,1.0,1,20.1
images_(40)_0008.jpg,unhealthy,crown_root_rot,unhealthy,0.8534,1,10.6
images_(40)_0023.jpg,unhealthy,crown_root_rot,unhealthy,0.9969,1,13.1
images_(40)_0028.jpg,unhealthy,crown_root_rot,unhealthy,0.9939,1,12.6
images_(40)_0030.jpg,unhealthy,leaf_rust,unhealthy,0.8153,1,14.4
images_(40)_0036.jpg,unhealthy,crown_root_rot,unhealthy,0.9815,1,11.2
images_(40)_0053.jpg,unhealthy,crown_root_rot,unhealthy,0.6737,1,11.8
images_(41)_0019.jpg,unhealthy,crown_root_rot,unhealthy,0.9975,1,10.9
images_(41)_0037.jpg,unhealthy,crown_root_rot,unhealthy,0.999,1,18.0
images_(41)_0038.jpg,unhealthy,crown_root_rot,unhealthy,0.9951,1,14.5
images_(42)_0008.jpg,unhealthy,crown_root_rot,unhealthy,1.0,1,16.1
images_(42)_0037.jpg,unhealthy,crown_root_rot,unhealthy,0.9975,1,10.6
images_(43)_0001.jpg,unhealthy,crown_root_rot,unhealthy,0.9979,1,12.9
images_(43)_0002.jpg,unhealthy,crown_root_rot,unhealthy,0.9998,1,9.3
images_(43)_0018.jpg,unhealthy,crown_root_rot,unhealthy,0.9999,1,14.5
images_(43)_0019.jpg,unhealthy,crown_root_rot,unhealthy,1.0,1,12.2
images_(43)_0024.jpg,unhealthy,crown_root_rot,unhealthy,0.9992,1,11.1
images_(43)_0030.jpg,unhealthy,crown_root_rot,unhealthy,0.9215,1,13.3
images_(43)_0032.jpg,unhealthy,crown_root_rot,unhealthy,0.9986,1,12.9
images_(43)_0035.jpg,unhealthy,leaf_rust,unhealthy,0.912,1,13.3
images_(43)_0036.jpg,unhealthy,crown_root_rot,unhealthy,0.8445,1,10.4
images_(43)_0046.jpg,unhealthy,leaf_rust,unhealthy,0.9543,1,12.3
images_(43)_0047.jpg,unhealthy,leaf_rust,unhealthy,0.9448,1,13.4
images_(44)_0005.jpg,unhealthy,crown_root_rot,unhealthy,0.997,1,8.5
images_(44)_0016.jpg,unhealthy,crown_root_rot,unhealthy,0.9999,1,12.0
images_(44)_0021.jpg,unhealthy,crown_root_rot,unhealthy,0.9995,1,10.4
images_(44)_0052.jpg,unhealthy,leaf_rust,unhealthy,0.7734,1,11.9
images_(45)_0001.jpg,unhealthy,crown_root_rot,unhealthy,0.9791,1,11.8
images_(45)_0005.jpg,unhealthy,crown_root_rot,unhealthy,0.9974,1,10.1
images_(45)_0008.jpg,unhealthy,crown_root_rot,unhealthy,0.9952,1,11.4
images_(45)_0030.jpg,unhealthy,crown_root_rot,unhealthy,0.611,1,11.9
images_(46)_0005.jpg,unhealthy,crown_root_rot,unhealthy,0.9998,1,10.4
images_(46)_0017.jpg,unhealthy,crown_root_rot,unhealthy,0.9792,1,10.5
images_(46)_0018.jpg,unhealthy,crown_root_rot,unhealthy,0.9895,1,15.4
images_(46)_0024.jpg,unhealthy,leaf_rust,unhealthy,0.4348,1,10.4
images_(46)_0027.jpg,unhealthy,crown_root_rot,unhealthy,0.9991,1,14.4
images_(46)_0031.jpg,unhealthy,crown_root_rot,unhealthy,0.8405,1,12.6
images_(46)_0036.jpg,unhealthy,crown_root_rot,unhealthy,0.7626,1,11.6
images_(46)_0039.jpg,unhealthy,crown_root_rot,unhealthy,0.9656,1,12.8
images_(47)_0002.jpg,unhealthy,crown_root_rot,unhealthy,0.9878,1,12.0
images_(47)_0009.jpg,unhealthy,crown_root_rot,unhealthy,0.9999,1,11.8
images_(47)_0010.jpg,unhealthy,crown_root_rot,unhealthy,0.9892,1,12.4
images_(47)_0017.jpg,unhealthy,crown_root_rot,unhealthy,0.9934,1,12.2
images_(48)_0001.jpg,unhealthy,crown_root_rot,unhealthy,0.9972,1,11.6
images_(48)_0002.jpg,unhealthy,crown_root_rot,unhealthy,0.9999,1,11.5
images_(48)_0027.jpg,unhealthy,crown_root_rot,unhealthy,0.9949,1,12.3
images_(48)_0042.jpg,unhealthy,crown_root_rot,unhealthy,0.8408,1,12.6
images_(49)_0016.jpg,unhealthy,leaf_rust,unhealthy,0.6967,1,11.0
images_(49)_0026.jpg,unhealthy,crown_root_rot,unhealthy,0.9817,1,15.2
images_(49)_0031.jpg,unhealthy,crown_root_rot,unhealthy,0.9042,1,14.3
images_(49)_0036.jpg,unhealthy,crown_root_rot,unhealthy,0.805,1,12.9
images_(49)_0044.jpg,unhealthy,crown_root_rot,unhealthy,0.9962,1,13.4
images_(5)_0010.jpg,unhealthy,leaf_rust,unhealthy,0.7442,1,13.7
images_(5)_0012.jpg,unhealthy,crown_root_rot,unhealthy,1.0,1,10.4
images_(5)_0026.jpg,unhealthy,crown_root_rot,unhealthy,0.9932,1,14.1
images_(5)_0044.jpg,unhealthy,crown_root_rot,unhealthy,0.9915,1,12.0
images_(50)_0004.jpg,unhealthy,crown_root_rot,unhealthy,0.9869,1,10.7
images_(50)_0005.jpg,unhealthy,crown_root_rot,unhealthy,0.9994,1,13.5
images_(50)_0015.jpg,unhealthy,crown_root_rot,unhealthy,0.7987,1,14.6
images_(50)_0042.jpg,unhealthy,crown_root_rot,unhealthy,0.8753,1,12.4
images_(50)_0043.jpg,unhealthy,crown_root_rot,unhealthy,0.8429,1,9.3
images_(51)_0008.jpg,unhealthy,crown_root_rot,unhealthy,0.9999,1,10.3
images_(51)_0011.jpg,unhealthy,crown_root_rot,unhealthy,0.9943,1,10.5
images_(51)_0021.jpg,unhealthy,crown_root_rot,unhealthy,0.9985,1,11.8
images_(51)_0027.jpg,unhealthy,crown_root_rot,unhealthy,0.9544,1,20.8
images_(51)_0028.jpg,unhealthy,leaf_rust,unhealthy,0.4343,1,17.3
images_(51)_0029.jpg,unhealthy,crown_root_rot,unhealthy,0.9168,1,13.1
images_(51)_0051.jpg,unhealthy,leaf_rust,unhealthy,0.3954,1,11.7
images_(52)_0003.jpg,unhealthy,crown_root_rot,unhealthy,1.0,1,11.0
images_(52)_0019.jpg,unhealthy,crown_root_rot,unhealthy,0.9999,1,11.3
images_(52)_0023.jpg,unhealthy,crown_root_rot,unhealthy,0.6393,1,11.2
images_(52)_0024.jpg,unhealthy,crown_root_rot,unhealthy,0.9833,1,11.3
images_(52)_0042.jpg,unhealthy,crown_root_rot,unhealthy,0.915,1,11.3
images_(52)_0049.jpg,unhealthy,crown_root_rot,unhealthy,0.9258,1,11.1
images_(53)_0004.jpg,unhealthy,crown_root_rot,unhealthy,0.9394,1,11.8
images_(53)_0013.jpg,unhealthy,crown_root_rot,unhealthy,0.8196,1,12.9
images_(53)_0018.jpg,unhealthy,crown_root_rot,unhealthy,0.8864,1,11.3
images_(53)_0022.jpg,unhealthy,crown_root_rot,unhealthy,0.7555,1,11.0
images_(53)_0026.jpg,unhealthy,crown_root_rot,unhealthy,0.9995,1,10.1
images_(54)_0013.jpg,unhealthy,crown_root_rot,unhealthy,0.8002,1,10.6
images_(54)_0023.jpg,unhealthy,crown_root_rot,unhealthy,0.9087,1,15.7
images_(54)_0026.jpg,unhealthy,crown_root_rot,unhealthy,0.7851,1,10.9
images_(54)_0031.jpg,unhealthy,crown_root_rot,unhealthy,0.9127,1,11.6
images_(54)_0043.jpg,unhealthy,leaf_rust,unhealthy,0.9621,1,13.6
images_(54)_0044.jpg,unhealthy,leaf_rust,unhealthy,0.6462,1,12.2
images_(55)_0006.jpg,unhealthy,crown_root_rot,unhealthy,0.6829,1,11.8
images_(55)_0018.jpg,unhealthy,crown_root_rot,unhealthy,0.7495,1,13.8
images_(55)_0022.jpg,unhealthy,leaf_rust,unhealthy,0.6781,1,12.3
images_(55)_0029.jpg,unhealthy,wheat_loose_smut,unhealthy,0.802,1,11.9
images_(55)_0046.jpg,unhealthy,crown_root_rot,unhealthy,0.9858,1,11.5
images_(55)_0050.jpg,unhealthy,crown_root_rot,unhealthy,0.9971,1,11.7
images_(56)_0001.jpg,unhealthy,crown_root_rot,unhealthy,0.5625,1,11.6
images_(56)_0012.jpg,unhealthy,crown_root_rot,unhealthy,0.4476,1,12.1
images_(56)_0032.jpg,unhealthy,crown_root_rot,unhealthy,0.9973,1,12.0
images_(56)_0033.jpg,unhealthy,crown_root_rot,unhealthy,0.7221,1,12.9
images_(56)_0048.jpg,unhealthy,crown_root_rot,unhealthy,0.9917,1,13.8
images_(57)_0013.jpg,unhealthy,crown_root_rot,unhealthy,0.3933,1,14.7
images_(57)_0014.jpg,unhealthy,crown_root_rot,unhealthy,0.6642,1,14.0
images_(57)_0032.jpg,unhealthy,crown_root_rot,unhealthy,0.9994,1,14.2
images_(57)_0040.jpg,unhealthy,crown_root_rot,unhealthy,0.6543,1,14.1
images_(57)_0041.jpg,unhealthy,crown_root_rot,unhealthy,0.4172,1,14.4
images_(57)_0051.jpg,unhealthy,crown_root_rot,unhealthy,0.9086,1,13.1
images_(58)_0004.jpg,unhealthy,crown_root_rot,unhealthy,0.8206,1,8.9
images_(58)_0019.jpg,unhealthy,crown_root_rot,unhealthy,0.9984,1,9.3
images_(58)_0052.jpg,unhealthy,crown_root_rot,unhealthy,0.9226,1,12.2
images_(59)_0004.jpg,unhealthy,crown_root_rot,unhealthy,0.9947,1,12.3
images_(59)_0010.jpg,unhealthy,crown_root_rot,unhealthy,0.8175,1,12.6
images_(59)_0016.jpg,unhealthy,crown_root_rot,unhealthy,0.9944,1,14.1
images_(59)_0026.jpg,unhealthy,crown_root_rot,unhealthy,0.9993,1,14.4
images_(6)_0001.jpg,unhealthy,crown_root_rot,unhealthy,0.949,1,12.5
images_(6)_0003.jpg,unhealthy,leaf_rust,unhealthy,0.7449,1,11.2
images_(6)_0007.jpg,unhealthy,crown_root_rot,unhealthy,1.0,1,14.0
images_(6)_0043.jpg,unhealthy,crown_root_rot,unhealthy,0.9996,1,11.8
images_(6)_0044.jpg,unhealthy,crown_root_rot,unhealthy,0.9855,1,14.5
images_(60)_0002.jpg,unhealthy,crown_root_rot,unhealthy,0.966,1,12.1
images_(60)_0013.jpg,unhealthy,crown_root_rot,unhealthy,1.0,1,13.6
images_(60)_0016.jpg,unhealthy,crown_root_rot,unhealthy,0.9784,1,12.2
images_(60)_0030.jpg,unhealthy,crown_root_rot,unhealthy,0.645,1,12.6
images_(61)_0010.jpg,unhealthy,crown_root_rot,unhealthy,0.9997,1,12.3
images_(61)_0011.jpg,unhealthy,crown_root_rot,unhealthy,0.9995,1,10.3
images_(61)_0027.jpg,unhealthy,leaf_rust,unhealthy,0.677,1,12.4
images_(61)_0038.jpg,unhealthy,crown_root_rot,unhealthy,1.0,1,10.4
images_(61)_0042.jpg,unhealthy,crown_root_rot,unhealthy,1.0,1,10.0
images_(61)_0046.jpg,unhealthy,crown_root_rot,unhealthy,0.9917,1,11.6
images_(61)_0050.jpg,unhealthy,crown_root_rot,unhealthy,0.999,1,11.5
images_(62)_0002.jpg,unhealthy,crown_root_rot,unhealthy,1.0,1,9.0
images_(62)_0003.jpg,unhealthy,crown_root_rot,unhealthy,0.9997,1,8.4
images_(62)_0009.jpg,unhealthy,crown_root_rot,unhealthy,0.9998,1,11.5
images_(62)_0011.jpg,unhealthy,crown_root_rot,unhealthy,1.0,1,14.1
images_(62)_0019.jpg,unhealthy,leaf_rust,unhealthy,0.7766,1,14.2
images_(62)_0033.jpg,unhealthy,crown_root_rot,unhealthy,0.9121,1,11.2
images_(62)_0040.jpg,unhealthy,crown_root_rot,unhealthy,0.9194,1,12.4
images_(63)_0010.jpg,unhealthy,crown_root_rot,unhealthy,0.9973,1,15.5
images_(63)_0015.jpg,unhealthy,crown_root_rot,unhealthy,0.9991,1,15.1
images_(63)_0022.jpg,unhealthy,leaf_rust,unhealthy,0.9827,1,11.1
images_(63)_0031.jpg,unhealthy,crown_root_rot,unhealthy,0.9991,1,14.9
images_(63)_0036.jpg,unhealthy,crown_root_rot,unhealthy,0.9999,1,13.0
images_(63)_0046.jpg,unhealthy,crown_root_rot,unhealthy,0.9995,1,9.9
images_(64)_0000.jpg,unhealthy,crown_root_rot,unhealthy,0.9963,1,10.8
images_(64)_0025.jpg,unhealthy,crown_root_rot,unhealthy,0.9879,1,10.9
images_(64)_0030.jpg,unhealthy,crown_root_rot,unhealthy,0.9953,1,10.4
images_(64)_0037.jpg,unhealthy,crown_root_rot,unhealthy,0.9998,1,12.2
images_(64)_0041.jpg,unhealthy,crown_root_rot,unhealthy,1.0,1,12.1
images_(64)_0049.jpg,unhealthy,crown_root_rot,unhealthy,1.0,1,11.2
images_(65)_0000.jpg,unhealthy,crown_root_rot,unhealthy,0.999,1,11.7
images_(65)_0021.jpg,unhealthy,crown_root_rot,unhealthy,0.8668,1,10.9
images_(65)_0032.jpg,unhealthy,crown_root_rot,unhealthy,0.9996,1,11.3
images_(65)_0037.jpg,unhealthy,crown_root_rot,unhealthy,0.9993,1,12.5
images_(66)_0016.jpg,unhealthy,crown_root_rot,unhealthy,0.9978,1,11.3
images_(66)_0025.jpg,unhealthy,crown_root_rot,unhealthy,0.9912,1,16.5
images_(66)_0030.jpg,unhealthy,crown_root_rot,unhealthy,0.4629,1,13.0
images_(66)_0032.jpg,unhealthy,crown_root_rot,unhealthy,0.9958,1,12.4
images_(67)_0000.jpg,unhealthy,leaf_rust,unhealthy,0.9657,1,11.8
images_(67)_0004.jpg,unhealthy,crown_root_rot,unhealthy,0.6743,1,13.9
images_(67)_0010.jpg,unhealthy,crown_root_rot,unhealthy,0.9233,1,15.0
images_(67)_0013.jpg,unhealthy,crown_root_rot,unhealthy,0.8589,1,13.7
images_(67)_0017.jpg,unhealthy,crown_root_rot,unhealthy,1.0,1,13.6
images_(67)_0024.jpg,unhealthy,crown_root_rot,unhealthy,0.9997,1,15.0
images_(67)_0025.jpg,unhealthy,crown_root_rot,unhealthy,0.9976,1,13.8
images_(67)_0034.jpg,unhealthy,crown_root_rot,unhealthy,0.9941,1,13.1
images_(68)_0003.jpg,unhealthy,leaf_rust,unhealthy,0.9734,1,12.4
images_(68)_0004.jpg,unhealthy,crown_root_rot,unhealthy,0.4904,1,12.3
images_(68)_0021.jpg,unhealthy,crown_root_rot,unhealthy,0.9953,1,11.9
images_(68)_0026.jpg,unhealthy,crown_root_rot,unhealthy,0.9999,1,11.7
images_(68)_0047.jpg,unhealthy,crown_root_rot,unhealthy,0.85,1,11.9
images_(69)_0000.jpg,unhealthy,crown_root_rot,unhealthy,1.0,1,11.9
images_(69)_0006.jpg,unhealthy,crown_root_rot,unhealthy,0.985,1,11.9
images_(69)_0007.jpg,unhealthy,crown_root_rot,unhealthy,0.9694,1,14.9
images_(69)_0014.jpg,unhealthy,crown_root_rot,unhealthy,0.9626,1,12.5
images_(69)_0026.jpg,unhealthy,crown_root_rot,unhealthy,1.0,1,11.6
images_(69)_0027.jpg,unhealthy,crown_root_rot,unhealthy,1.0,1,10.1
images_(69)_0029.jpg,unhealthy,crown_root_rot,unhealthy,0.9999,1,11.1
images_(69)_0041.jpg,unhealthy,crown_root_rot,unhealthy,0.7497,1,10.1
images_(69)_0048.jpg,unhealthy,crown_root_rot,unhealthy,0.5199,1,13.4
images_(7)_0002.jpg,unhealthy,crown_root_rot,unhealthy,0.8462,1,12.9
images_(7)_0003.jpg,unhealthy,crown_root_rot,unhealthy,0.9919,1,13.4
images_(7)_0015.jpg,unhealthy,crown_root_rot,unhealthy,0.9995,1,10.8
images_(7)_0023.jpg,unhealthy,crown_root_rot,unhealthy,0.9885,1,13.9
images_(7)_0041.jpg,unhealthy,crown_root_rot,unhealthy,0.9469,1,12.1
images_(7)_0048.jpg,unhealthy,crown_root_rot,unhealthy,0.973,1,12.2
images_(70)_0001.jpg,unhealthy,crown_root_rot,unhealthy,0.9775,1,15.6
images_(70)_0003.jpg,unhealthy,crown_root_rot,unhealthy,1.0,1,14.7
images_(70)_0029.jpg,unhealthy,crown_root_rot,unhealthy,0.995,1,15.8
images_(70)_0040.jpg,unhealthy,crown_root_rot,unhealthy,0.9999,1,14.0
images_(70)_0041.jpg,unhealthy,crown_root_rot,unhealthy,0.9876,1,14.3
images_(71)_0000.jpg,unhealthy,crown_root_rot,unhealthy,1.0,1,10.9
images_(71)_0002.jpg,unhealthy,crown_root_rot,unhealthy,1.0,1,10.7
images_(71)_0005.jpg,unhealthy,crown_root_rot,unhealthy,0.9861,1,13.0
images_(71)_0006.jpg,unhealthy,crown_root_rot,unhealthy,0.9886,1,12.6
images_(71)_0013.jpg,unhealthy,crown_root_rot,unhealthy,0.999,1,13.6
images_(71)_0016.jpg,unhealthy,leaf_rust,unhealthy,0.9241,1,11.3
images_(71)_0031.jpg,unhealthy,crown_root_rot,unhealthy,1.0,1,11.1
images_(71)_0037.jpg,unhealthy,crown_root_rot,unhealthy,1.0,1,13.4
images_(71)_0049.jpg,unhealthy,crown_root_rot,unhealthy,0.9997,1,13.4
images_(72)_0000.jpg,unhealthy,leaf_rust,unhealthy,0.801,1,11.4
images_(72)_0010.jpg,unhealthy,crown_root_rot,unhealthy,0.9799,1,12.6
images_(72)_0016.jpg,unhealthy,crown_root_rot,unhealthy,0.9468,1,12.6
images_(72)_0025.jpg,unhealthy,crown_root_rot,unhealthy,1.0,1,12.4
images_(72)_0034.jpg,unhealthy,crown_root_rot,unhealthy,0.9997,1,13.9
images_(72)_0047.jpg,unhealthy,crown_root_rot,unhealthy,1.0,1,12.2
images_(73)_0014.jpg,unhealthy,crown_root_rot,unhealthy,0.8738,1,12.5
images_(73)_0017.jpg,unhealthy,leaf_rust,unhealthy,0.8826,1,12.1
images_(73)_0018.jpg,unhealthy,crown_root_rot,unhealthy,0.9738,1,16.7
images_(73)_0027.jpg,unhealthy,crown_root_rot,unhealthy,0.9985,1,12.8
images_(73)_0029.jpg,unhealthy,leaf_rust,unhealthy,0.9874,1,13.1
images_(73)_0031.jpg,unhealthy,crown_root_rot,unhealthy,1.0,1,9.0
images_(73)_0039.jpg,unhealthy,crown_root_rot,unhealthy,0.9998,1,13.9
images_(74)_0028.jpg,unhealthy,crown_root_rot,unhealthy,0.9021,1,15.2
images_(74)_0030.jpg,unhealthy,leaf_rust,unhealthy,0.6286,1,13.6
images_(74)_0032.jpg,unhealthy,crown_root_rot,unhealthy,0.9976,1,11.7
images_(75)_0010.jpg,unhealthy,crown_root_rot,unhealthy,0.7101,1,11.5
images_(75)_0012.jpg,unhealthy,crown_root_rot,unhealthy,0.9543,1,16.6
images_(75)_0018.jpg,unhealthy,crown_root_rot,unhealthy,0.9465,1,14.9
images_(75)_0031.jpg,unhealthy,crown_root_rot,unhealthy,0.7675,1,13.4
images_(75)_0032.jpg,unhealthy,crown_root_rot,unhealthy,0.8458,1,15.5
images_(75)_0033.jpg,unhealthy,crown_root_rot,unhealthy,0.99,1,15.1
images_(76)_0001.jpg,unhealthy,leaf_rust,unhealthy,0.828,1,12.3
images_(76)_0014.jpg,unhealthy,crown_root_rot,unhealthy,0.9984,1,13.9
images_(76)_0017.jpg,unhealthy,crown_root_rot,unhealthy,0.5669,1,11.9
images_(76)_0023.jpg,unhealthy,leaf_rust,unhealthy,0.9971,1,14.8
images_(76)_0032.jpg,unhealthy,crown_root_rot,unhealthy,0.9549,1,11.8
images_(76)_0038.jpg,unhealthy,crown_root_rot,unhealthy,0.9982,1,12.1
images_(76)_0040.jpg,unhealthy,leaf_rust,unhealthy,0.9749,1,11.1
images_(76)_0044.jpg,unhealthy,crown_root_rot,unhealthy,0.9791,1,14.7
images_(76)_0053.jpg,unhealthy,crown_root_rot,unhealthy,0.5615,1,13.8
images_(77)_0001.jpg,unhealthy,crown_root_rot,unhealthy,0.9985,1,13.1
images_(77)_0004.jpg,unhealthy,leaf_rust,unhealthy,0.814,1,12.3
images_(77)_0017.jpg,unhealthy,crown_root_rot,unhealthy,0.5185,1,13.0
images_(77)_0044.jpg,unhealthy,crown_root_rot,unhealthy,0.9973,1,12.9
images_(78)_0013.jpg,unhealthy,crown_root_rot,unhealthy,0.9991,1,11.7
images_(78)_0022.jpg,unhealthy,crown_root_rot,unhealthy,0.7388,1,10.7
images_(78)_0028.jpg,unhealthy,leaf_rust,unhealthy,0.7747,1,11.5
images_(78)_0035.jpg,unhealthy,leaf_rust,unhealthy,0.8816,1,14.1
images_(78)_0045.jpg,unhealthy,crown_root_rot,unhealthy,0.9844,1,11.9
images_(78)_0052.jpg,unhealthy,leaf_rust,unhealthy,0.4577,1,13.5
images_(79)_0027.jpg,unhealthy,crown_root_rot,unhealthy,0.9107,1,11.4
images_(79)_0032.jpg,unhealthy,crown_root_rot,unhealthy,0.999,1,15.7
images_(79)_0037.jpg,unhealthy,crown_root_rot,unhealthy,0.9865,1,13.1
images_(79)_0049.jpg,unhealthy,crown_root_rot,unhealthy,0.9685,1,13.6
images_(80)_0005.jpg,unhealthy,leaf_rust,unhealthy,0.9948,1,12.4
images_(80)_0017.jpg,unhealthy,crown_root_rot,unhealthy,0.7468,1,11.9
images_(80)_0020.jpg,unhealthy,crown_root_rot,unhealthy,0.7268,1,11.5
images_(80)_0023.jpg,unhealthy,leaf_rust,unhealthy,0.859,1,13.7
images_(80)_0043.jpg,unhealthy,crown_root_rot,unhealthy,0.9968,1,12.7
images_(81)_0002.jpg,unhealthy,crown_root_rot,unhealthy,0.947,1,12.1
images_(81)_0023.jpg,unhealthy,crown_root_rot,unhealthy,0.993,1,11.4
images_(81)_0030.jpg,unhealthy,crown_root_rot,unhealthy,0.9968,1,10.7
images_(81)_0032.jpg,unhealthy,crown_root_rot,unhealthy,0.9867,1,13.6
images_(81)_0037.jpg,unhealthy,leaf_rust,unhealthy,0.4637,1,11.4
images_(81)_0043.jpg,unhealthy,leaf_rust,unhealthy,0.5167,1,13.0
images_(81)_0049.jpg,unhealthy,leaf_rust,unhealthy,0.824,1,12.1
images_(81)_0051.jpg,unhealthy,leaf_rust,unhealthy,0.8216,1,13.9
images_(81)_0053.jpg,unhealthy,crown_root_rot,unhealthy,0.869,1,11.8
images_(82)_0008.jpg,unhealthy,crown_root_rot,unhealthy,0.5747,1,11.4
images_(82)_0012.jpg,unhealthy,crown_root_rot,unhealthy,0.9987,1,14.0
images_(82)_0013.jpg,unhealthy,crown_root_rot,unhealthy,0.9998,1,51.6
images_(82)_0029.jpg,unhealthy,wheat_loose_smut,unhealthy,0.5703,1,11.8
images_(82)_0030.jpg,unhealthy,crown_root_rot,unhealthy,0.9995,1,24.8
images_(82)_0032.jpg,unhealthy,crown_root_rot,unhealthy,0.7566,1,16.1
images_(82)_0041.jpg,unhealthy,leaf_rust,unhealthy,0.8009,1,14.3
images_(83)_0002.jpg,unhealthy,crown_root_rot,unhealthy,0.9785,1,12.0
images_(83)_0025.jpg,unhealthy,crown_root_rot,unhealthy,0.9763,1,10.6
images_(83)_0029.jpg,unhealthy,leaf_rust,unhealthy,0.9047,1,13.1
images_(83)_0032.jpg,unhealthy,crown_root_rot,unhealthy,0.6363,1,11.8
images_(83)_0037.jpg,unhealthy,leaf_rust,unhealthy,0.9795,1,13.6
images_(83)_0047.jpg,unhealthy,crown_root_rot,unhealthy,0.928,1,11.4
images_(84)_0008.jpg,unhealthy,crown_root_rot,unhealthy,0.9733,1,13.1
images_(84)_0047.jpg,unhealthy,wheat_loose_smut,unhealthy,0.5953,1,12.5
images_(84)_0052.jpg,unhealthy,crown_root_rot,unhealthy,0.9997,1,12.6
images_(85)_0004.jpg,unhealthy,crown_root_rot,unhealthy,0.9992,1,12.4
images_(85)_0030.jpg,unhealthy,crown_root_rot,unhealthy,0.7991,1,11.9
images_(85)_0038.jpg,unhealthy,crown_root_rot,unhealthy,0.9703,1,11.6
images_(85)_0042.jpg,unhealthy,crown_root_rot,unhealthy,0.9669,1,14.1
images_(85)_0052.jpg,unhealthy,crown_root_rot,unhealthy,0.9999,1,11.2
images_(86)_0014.jpg,unhealthy,crown_root_rot,unhealthy,0.7229,1,10.5
images_(86)_0017.jpg,unhealthy,crown_root_rot,unhealthy,0.5669,1,11.6
images_(86)_0026.jpg,unhealthy,crown_root_rot,unhealthy,0.9986,1,11.4
images_(86)_0028.jpg,unhealthy,leaf_rust,unhealthy,0.9338,1,12.1
images_(86)_0031.jpg,unhealthy,crown_root_rot,unhealthy,0.9608,1,12.6
images_(86)_0033.jpg,unhealthy,leaf_rust,unhealthy,0.8074,1,11.6
images_(86)_0037.jpg,unhealthy,crown_root_rot,unhealthy,0.9971,1,11.7
images_(86)_0044.jpg,unhealthy,crown_root_rot,unhealthy,0.651,1,10.7
images_(87)_0011.jpg,unhealthy,crown_root_rot,unhealthy,0.9999,1,12.1
images_(87)_0018.jpg,unhealthy,crown_root_rot,unhealthy,0.9869,1,10.9
images_(87)_0033.jpg,unhealthy,crown_root_rot,unhealthy,0.9725,1,15.1
images_(88)_0000.jpg,unhealthy,crown_root_rot,unhealthy,0.9989,1,12.5
images_(88)_0028.jpg,unhealthy,leaf_rust,unhealthy,0.8857,1,10.5
images_(88)_0034.jpg,unhealthy,wheat_loose_smut,unhealthy,0.4795,1,15.4
images_(88)_0045.jpg,unhealthy,crown_root_rot,unhealthy,0.9183,1,11.1
images_(88)_0050.jpg,unhealthy,crown_root_rot,unhealthy,0.9997,1,11.1
images_(89)_0005.jpg,unhealthy,crown_root_rot,unhealthy,0.9825,1,12.4
images_(89)_0010.jpg,unhealthy,crown_root_rot,unhealthy,0.9999,1,10.5
images_(89)_0012.jpg,unhealthy,crown_root_rot,unhealthy,1.0,1,11.7
images_(89)_0018.jpg,unhealthy,crown_root_rot,unhealthy,0.9993,1,10.3
images_(89)_0021.jpg,unhealthy,crown_root_rot,unhealthy,0.9934,1,12.0
images_(89)_0024.jpg,unhealthy,crown_root_rot,unhealthy,0.9939,1,10.9
images_(89)_0032.jpg,unhealthy,crown_root_rot,unhealthy,0.9999,1,11.9
images_(9)_0003.jpg,unhealthy,crown_root_rot,unhealthy,0.9037,1,13.8
images_(9)_0026.jpg,unhealthy,crown_root_rot,unhealthy,0.9999,1,11.6
images_(9)_0047.jpg,unhealthy,crown_root_rot,unhealthy,0.9986,1,14.1
images_(90)_0003.jpg,unhealthy,crown_root_rot,unhealthy,0.9121,1,11.1
images_(90)_0024.jpg,unhealthy,crown_root_rot,unhealthy,0.9998,1,10.3
images_(90)_0026.jpg,unhealthy,crown_root_rot,unhealthy,0.9996,1,13.7
images_(90)_0038.jpg,unhealthy,crown_root_rot,unhealthy,0.9967,1,12.9
images_(90)_0041.jpg,unhealthy,leaf_rust,unhealthy,0.978,1,9.4
images_(90)_0043.jpg,unhealthy,crown_root_rot,unhealthy,0.8289,1,11.4
images_(91)_0004.jpg,unhealthy,crown_root_rot,unhealthy,0.8906,1,12.0
images_(91)_0005.jpg,unhealthy,leaf_rust,unhealthy,0.8007,1,14.1
images_(91)_0007.jpg,unhealthy,crown_root_rot,unhealthy,0.9909,1,13.2
images_(91)_0012.jpg,unhealthy,crown_root_rot,unhealthy,0.8548,1,11.9
images_(91)_0022.jpg,unhealthy,crown_root_rot,unhealthy,1.0,1,11.8
images_(91)_0034.jpg,unhealthy,leaf_rust,unhealthy,0.9129,1,11.0
images_(91)_0038.jpg,unhealthy,leaf_rust,unhealthy,0.7551,1,10.7
images_(92)_0000.jpg,unhealthy,crown_root_rot,unhealthy,0.6841,1,10.2
images_(92)_0003.jpg,unhealthy,crown_root_rot,unhealthy,0.7217,1,11.4
images_(92)_0022.jpg,unhealthy,crown_root_rot,unhealthy,1.0,1,13.5
images_(92)_0023.jpg,unhealthy,crown_root_rot,unhealthy,0.9932,1,13.1
images_(92)_0029.jpg,unhealthy,crown_root_rot,unhealthy,0.5453,1,15.2
images_(93)_0000.jpg,unhealthy,crown_root_rot,unhealthy,0.89,1,15.4
images_(93)_0003.jpg,unhealthy,crown_root_rot,unhealthy,0.9962,1,13.9
images_(93)_0008.jpg,unhealthy,crown_root_rot,unhealthy,0.9975,1,18.4
images_(93)_0011.jpg,unhealthy,leaf_rust,unhealthy,0.6461,1,20.8
images_(93)_0041.jpg,unhealthy,leaf_rust,unhealthy,0.9064,1,14.2
images_(94)_0008.jpg,unhealthy,crown_root_rot,unhealthy,0.9998,1,13.1
images_(94)_0020.jpg,unhealthy,crown_root_rot,unhealthy,0.9999,1,16.6
images_(94)_0038.jpg,unhealthy,leaf_rust,unhealthy,0.8487,1,14.6
images_(95)_0003.jpg,unhealthy,crown_root_rot,unhealthy,0.8867,1,14.7
images_(95)_0006.jpg,unhealthy,leaf_rust,unhealthy,0.6782,1,14.8
images_(95)_0008.jpg,unhealthy,crown_root_rot,unhealthy,0.9689,1,15.1
images_(95)_0012.jpg,unhealthy,crown_root_rot,unhealthy,0.9927,1,15.0
images_(95)_0024.jpg,unhealthy,crown_root_rot,unhealthy,0.9991,1,15.1
images_(95)_0042.jpg,unhealthy,crown_root_rot,unhealthy,0.9973,1,14.2
images_(95)_0043.jpg,unhealthy,crown_root_rot,unhealthy,0.9788,1,17.5
images_(96)_0004.jpg,unhealthy,crown_root_rot,unhealthy,0.5219,1,13.5
images_(96)_0012.jpg,unhealthy,crown_root_rot,unhealthy,0.985,1,15.3
images_(96)_0013.jpg,unhealthy,crown_root_rot,unhealthy,0.8757,1,15.2
images_(96)_0020.jpg,unhealthy,crown_root_rot,unhealthy,0.9996,1,14.7
images_(96)_0021.jpg,unhealthy,crown_root_rot,unhealthy,1.0,1,11.8
images_(96)_0022.jpg,unhealthy,crown_root_rot,unhealthy,0.9448,1,14.7
images_(96)_0030.jpg,unhealthy,crown_root_rot,unhealthy,0.9067,1,12.7
images_(97)_0005.jpg,unhealthy,leaf_rust,unhealthy,0.8132,1,65.7
images_(97)_0006.jpg,unhealthy,crown_root_rot,unhealthy,0.6064,1,10.7
images_(97)_0009.jpg,unhealthy,crown_root_rot,unhealthy,0.8673,1,12.3
images_(97)_0011.jpg,unhealthy,crown_root_rot,unhealthy,0.9944,1,11.6
images_(97)_0019.jpg,unhealthy,crown_root_rot,unhealthy,1.0,1,16.2
images_(97)_0043.jpg,unhealthy,crown_root_rot,unhealthy,1.0,1,10.4
images_(98)_0016.jpg,unhealthy,crown_root_rot,unhealthy,0.9999,1,13.2
images_(98)_0017.jpg,unhealthy,crown_root_rot,unhealthy,0.9899,1,15.1
images_(99)_0003.jpg,unhealthy,crown_root_rot,unhealthy,0.7838,1,9.4
images_(99)_0007.jpg,unhealthy,crown_root_rot,unhealthy,0.8227,1,10.5
images_(99)_0034.jpg,unhealthy,crown_root_rot,unhealthy,0.9858,1,13.3
images_(99)_0036.jpg,unhealthy,crown_root_rot,unhealthy,0.9989,1,13.1
images_(99)_0046.jpg,unhealthy,leaf_rust,unhealthy,0.7945,1,14.0
images_(99)_0052.jpg,unhealthy,leaf_rust,unhealthy,0.8278,1,12.3
