image,ground_truth,predicted,confidence,correct,latency_ms,severity_tier
aug_0_101.jpg,healthy_rice,healthy_rice,0.9961,1,92.9,healthy
aug_0_1149.jpg,healthy_rice,healthy_rice,0.9989,1,19.9,healthy
aug_0_1238.jpg,healthy_rice,healthy_rice,1.0,1,15.2,healthy
aug_0_1620.jpg,healthy_rice,healthy_rice,0.9967,1,16.4,healthy
aug_0_1622.jpg,healthy_rice,healthy_rice,1.0,1,15.8,healthy
aug_0_1679.jpg,healthy_rice,healthy_rice,0.9997,1,19.4,healthy
aug_0_1701.jpg,healthy_rice,healthy_rice,1.0,1,17.0,healthy
aug_0_1794.jpg,healthy_rice,healthy_rice,0.9684,1,17.1,healthy
aug_0_1868.jpg,healthy_rice,healthy_rice,1.0,1,17.7,healthy
aug_0_1897.jpg,healthy_rice,healthy_rice,0.9992,1,17.2,healthy
aug_0_1898.jpg,healthy_rice,healthy_rice,0.9999,1,19.3,healthy
aug_0_1993.jpg,healthy_rice,healthy_rice,0.9993,1,15.0,healthy
aug_0_22.jpg,healthy_rice,healthy_rice,1.0,1,16.0,healthy
aug_0_228.jpg,healthy_rice,healthy_rice,1.0,1,15.4,healthy
aug_0_249.jpg,healthy_rice,healthy_rice,0.9999,1,13.7,healthy
aug_0_50.jpg,healthy_rice,healthy_rice,1.0,1,14.6,healthy
aug_0_7183.jpg,healthy_rice,healthy_rice,0.9997,1,21.0,healthy
aug_0_7365.jpg,healthy_rice,healthy_rice,0.9962,1,19.0,healthy
aug_0_7419.jpg,healthy_rice,healthy_rice,0.9994,1,17.6,healthy
aug_0_7889.jpg,healthy_rice,healthy_rice,1.0,1,16.1,healthy
aug_0_7909.jpg,healthy_rice,healthy_rice,0.9998,1,16.0,healthy
aug_0_7938.jpg,healthy_rice,healthy_rice,1.0,1,15.1,healthy
aug_0_8162.jpg,healthy_rice,healthy_rice,0.9997,1,14.2,healthy
aug_0_8267.jpg,healthy_rice,healthy_rice,0.9999,1,17.8,healthy
aug_0_8462.jpg,healthy_rice,healthy_rice,0.9991,1,16.7,healthy
aug_0_8557.jpg,healthy_rice,healthy_rice,1.0,1,14.4,healthy
aug_0_8836.jpg,healthy_rice,healthy_rice,0.9995,1,17.4,healthy
aug_0_8951.jpg,healthy_rice,healthy_rice,0.9994,1,15.6,healthy
aug_0_9221.jpg,healthy_rice,healthy_rice,1.0,1,14.0,healthy
aug_0_9563.jpg,healthy_rice,healthy_rice,1.0,1,17.8,healthy
aug_0_9854.jpg,healthy_rice,healthy_rice,1.0,1,16.0,healthy
aug_0_9906.jpg,healthy_rice,healthy_rice,0.9997,1,16.0,healthy
Healthy_rice_leaf (105).jpg,healthy_rice,healthy_rice,0.9651,1,15.4,healthy
Healthy_rice_leaf (122).jpg,healthy_rice,healthy_rice,0.9998,1,18.0,healthy
Healthy_rice_leaf (128).jpg,healthy_rice,healthy_rice,0.9979,1,14.4,healthy
Healthy_rice_leaf (148).jpg,healthy_rice,healthy_rice,0.9998,1,15.0,healthy
Healthy_rice_leaf (155).jpg,healthy_rice,healthy_rice,0.9949,1,17.3,healthy
Healthy_rice_leaf (157).jpg,healthy_rice,healthy_rice,1.0,1,18.8,healthy
Healthy_rice_leaf (33).jpg,healthy_rice,healthy_rice,1.0,1,16.7,healthy
Healthy_rice_leaf (39).jpg,healthy_rice,healthy_rice,0.984,1,16.2,healthy
Healthy_rice_leaf (46).jpg,healthy_rice,healthy_rice,0.9999,1,14.1,healthy
Healthy_rice_leaf (47).jpg,healthy_rice,healthy_rice,1.0,1,18.1,healthy
Healthy_rice_leaf (49).jpg,healthy_rice,healthy_rice,0.9999,1,19.5,healthy
Healthy_rice_leaf (63).jpg,healthy_rice,healthy_rice,0.9776,1,14.8,healthy
Healthy_rice_leaf (95).jpg,healthy_rice,healthy_rice,1.0,1,15.6,healthy
healthy_100.png,healthy_wheat,wheat_yellow_rust,0.8095,0,16.1,healthy
healthy_103.png,healthy_wheat,healthy_wheat,0.9999,1,17.8,healthy
healthy_130.png,healthy_wheat,healthy_wheat,0.8815,1,16.9,healthy
healthy_157.png,healthy_wheat,healthy_wheat,1.0,1,17.9,healthy
healthy_283.png,healthy_wheat,healthy_wheat,0.972,1,17.6,healthy
healthy_315.png,healthy_wheat,healthy_wheat,0.9792,1,18.0,healthy
healthy_316.png,healthy_wheat,healthy_wheat,0.9999,1,17.5,healthy
healthy_34.png,healthy_wheat,healthy_wheat,1.0,1,14.5,healthy
healthy_374.png,healthy_wheat,healthy_wheat,0.9857,1,16.1,healthy
healthy_382.png,healthy_wheat,healthy_wheat,1.0,1,14.7,healthy
healthy_407.png,healthy_wheat,healthy_wheat,0.9998,1,14.6,healthy
healthy_424.png,healthy_wheat,healthy_wheat,1.0,1,18.6,healthy
healthy_445.png,healthy_wheat,healthy_wheat,0.9988,1,14.5,healthy
healthy_45.png,healthy_wheat,healthy_wheat,0.9993,1,17.8,healthy
healthy_466.png,healthy_wheat,healthy_wheat,1.0,1,14.9,healthy
healthy_469.png,healthy_wheat,healthy_wheat,1.0,1,17.6,healthy
healthy_476.png,healthy_wheat,healthy_rice,0.8855,0,19.7,healthy
healthy_496.png,healthy_wheat,healthy_wheat,0.9991,1,38.4,healthy
healthy_511.png,healthy_wheat,healthy_wheat,0.9993,1,19.7,healthy
healthy_514.png,healthy_wheat,healthy_wheat,0.998,1,14.1,healthy
healthy_563.png,healthy_wheat,healthy_wheat,1.0,1,14.5,healthy
healthy_571.png,healthy_wheat,healthy_wheat,0.9667,1,14.8,healthy
healthy_573.png,healthy_wheat,healthy_wheat,1.0,1,20.4,healthy
healthy_574.png,healthy_wheat,healthy_wheat,0.9999,1,16.9,healthy
healthy_601.png,healthy_wheat,healthy_wheat,0.2809,1,14.2,healthy
healthy_621.png,healthy_wheat,healthy_wheat,1.0,1,16.7,healthy
healthy_626.png,healthy_wheat,wheat_septoria,0.3224,0,17.5,healthy
healthy_630.png,healthy_wheat,healthy_wheat,1.0,1,16.6,healthy
healthy_67.png,healthy_wheat,healthy_wheat,1.0,1,21.1,healthy
healthy_673.png,healthy_wheat,healthy_wheat,0.9905,1,34.2,healthy
healthy_702.png,healthy_wheat,healthy_wheat,0.9987,1,19.2,healthy
healthy_757.png,healthy_wheat,wheat_black_rust,0.7962,0,21.0,healthy
healthy_781.png,healthy_wheat,wheat_brown_rust,0.4174,0,18.0,healthy
healthy_785.png,healthy_wheat,wheat_brown_rust,0.7412,0,16.6,healthy
healthy_787.png,healthy_wheat,healthy_wheat,0.9985,1,18.2,healthy
healthy_814.png,healthy_wheat,healthy_wheat,0.9984,1,21.9,healthy
healthy_816.png,healthy_wheat,healthy_wheat,0.9982,1,20.0,healthy
healthy_829.png,healthy_wheat,healthy_wheat,0.9981,1,21.5,healthy
healthy_837.png,healthy_wheat,healthy_wheat,0.9983,1,14.8,healthy
healthy_884.png,healthy_wheat,healthy_wheat,0.9719,1,16.2,healthy
healthy_889.png,healthy_wheat,healthy_wheat,0.9614,1,19.8,healthy
healthy_897.png,healthy_wheat,healthy_wheat,0.9983,1,17.3,healthy
healthy_924.png,healthy_wheat,healthy_wheat,0.9996,1,15.0,healthy
healthy_929.png,healthy_wheat,healthy_wheat,1.0,1,14.6,healthy
healthy_950.png,healthy_wheat,healthy_wheat,1.0,1,15.3,healthy
aug_0_1006.jpg,rice_bacterial_blight,rice_blast,0.8605,0,16.2,diseased
aug_0_1156.jpg,rice_bacterial_blight,rice_blast,0.8281,0,16.6,diseased
aug_0_116.jpg,rice_bacterial_blight,rice_bacterial_blight,0.6944,1,15.1,diseased
aug_0_129.jpg,rice_bacterial_blight,rice_bacterial_blight,0.9615,1,20.0,diseased
aug_0_136.jpg,rice_bacterial_blight,rice_leaf_scald,0.5601,0,16.3,diseased
aug_0_1490.jpg,rice_bacterial_blight,rice_bacterial_blight,0.8564,1,14.4,diseased
aug_0_1889.jpg,rice_bacterial_blight,rice_blast,0.6134,0,20.0,diseased
aug_0_1964.jpg,rice_bacterial_blight,rice_bacterial_blight,0.4779,1,15.0,diseased
aug_0_213.jpg,rice_bacterial_blight,rice_leaf_scald,0.9151,0,17.2,diseased
aug_0_243.jpg,rice_bacterial_blight,rice_bacterial_blight,0.9937,1,16.6,diseased
aug_0_3146.jpg,rice_bacterial_blight,rice_bacterial_blight,0.7584,1,17.0,diseased
aug_0_3186.jpg,rice_bacterial_blight,rice_leaf_scald,0.4802,0,20.2,diseased
aug_0_3498.jpg,rice_bacterial_blight,rice_blast,0.6563,0,15.2,diseased
aug_0_3731.jpg,rice_bacterial_blight,rice_bacterial_blight,0.6127,1,16.6,diseased
aug_0_3844.jpg,rice_bacterial_blight,rice_blast,0.5887,0,17.4,diseased
aug_0_387.jpg,rice_bacterial_blight,rice_bacterial_blight,0.7986,1,17.5,diseased
aug_0_4183.jpg,rice_bacterial_blight,rice_bacterial_blight,0.9561,1,18.7,diseased
aug_0_4561.jpg,rice_bacterial_blight,rice_bacterial_blight,0.4826,1,16.1,diseased
aug_0_4593.jpg,rice_bacterial_blight,rice_blast,0.4019,0,16.7,diseased
aug_0_4702.jpg,rice_bacterial_blight,rice_leaf_scald,0.7375,0,13.8,diseased
aug_0_4833.jpg,rice_bacterial_blight,rice_bacterial_blight,0.9664,1,15.6,diseased
aug_0_5195.jpg,rice_bacterial_blight,rice_bacterial_blight,0.5369,1,15.9,diseased
aug_0_5222.jpg,rice_bacterial_blight,rice_blast,0.9248,0,17.2,diseased
aug_0_539.jpg,rice_bacterial_blight,rice_leaf_scald,0.8012,0,16.6,diseased
aug_0_5676.jpg,rice_bacterial_blight,rice_bacterial_blight,0.7169,1,18.1,diseased
aug_0_5772.jpg,rice_bacterial_blight,rice_leaf_scald,0.8561,0,15.2,diseased
aug_0_5803.jpg,rice_bacterial_blight,rice_bacterial_blight,0.8834,1,17.0,diseased
aug_0_59.jpg,rice_bacterial_blight,rice_bacterial_blight,0.6422,1,17.0,diseased
aug_0_5989.jpg,rice_bacterial_blight,rice_bacterial_blight,0.9683,1,17.8,diseased
aug_0_6263.jpg,rice_bacterial_blight,rice_bacterial_blight,0.7789,1,18.0,diseased
aug_0_6355.jpg,rice_bacterial_blight,rice_leaf_scald,0.6462,0,14.5,diseased
aug_0_6564.jpg,rice_bacterial_blight,rice_leaf_scald,0.6727,0,16.9,diseased
aug_0_682.jpg,rice_bacterial_blight,rice_blast,0.5916,0,16.3,diseased
aug_0_716.jpg,rice_bacterial_blight,rice_bacterial_blight,0.8225,1,15.8,diseased
aug_0_833.jpg,rice_bacterial_blight,rice_bacterial_blight,0.8442,1,19.1,diseased
aug_0_864.jpg,rice_bacterial_blight,rice_bacterial_blight,0.6707,1,17.3,diseased
IMG_20231014_172838.jpg,rice_bacterial_blight,rice_bacterial_blight,0.422,1,19.4,diseased
IMG_20231014_172850.jpg,rice_bacterial_blight,rice_sheath_blight,0.5628,0,17.0,diseased
IMG_20231014_173137.jpg,rice_bacterial_blight,rice_sheath_blight,0.3888,0,17.5,diseased
IMG_20231014_173253.jpg,rice_bacterial_blight,rice_bacterial_blight,0.8231,1,16.4,diseased
IMG_20231014_173548.jpg,rice_bacterial_blight,rice_bacterial_blight,0.8431,1,17.2,diseased
IMG_20231014_173555.jpg,rice_bacterial_blight,rice_blast,0.5018,0,16.9,diseased
IMG_20231014_173727.jpg,rice_bacterial_blight,rice_leaf_scald,0.7488,0,19.9,diseased
IMG_20231018_143742_1.jpg,rice_bacterial_blight,rice_leaf_scald,0.3977,0,18.0,diseased
IMG_20231018_144111.jpg,rice_bacterial_blight,rice_leaf_scald,0.6155,0,15.4,diseased
aug_0_1690.jpg,rice_blast,rice_blast,0.9331,1,16.9,diseased
aug_0_222.jpg,rice_blast,rice_blast,0.9833,1,16.2,diseased
aug_0_234.jpg,rice_blast,rice_blast,0.5978,1,17.7,diseased
aug_0_244.jpg,rice_blast,rice_leaf_scald,0.7491,0,15.1,diseased
aug_0_252.jpg,rice_blast,rice_blast,0.983,1,17.5,diseased
aug_0_58.jpg,rice_blast,rice_blast,0.8158,1,18.1,diseased
aug_0_7104.jpg,rice_blast,rice_leaf_scald,0.5992,0,19.2,diseased
aug_0_7164.jpg,rice_blast,rice_blast,0.717,1,16.9,diseased
aug_0_7182.jpg,rice_blast,rice_blast,0.975,1,16.4,diseased
aug_0_7207.jpg,rice_blast,rice_blast,0.88,1,16.2,diseased
aug_0_7282.jpg,rice_blast,rice_blast,0.7238,1,17.5,diseased
aug_0_7348.jpg,rice_blast,rice_blast,0.9956,1,16.7,diseased
aug_0_7717.jpg,rice_blast,rice_blast,0.948,1,20.8,diseased
aug_0_7736.jpg,rice_blast,rice_sheath_blight,0.8475,0,17.3,diseased
aug_0_7933.jpg,rice_blast,rice_blast,0.9473,1,15.3,diseased
aug_0_80.jpg,rice_blast,rice_blast,0.9314,1,17.1,diseased
aug_0_8177.jpg,rice_blast,rice_blast,0.6585,1,17.9,diseased
aug_0_8231.jpg,rice_blast,rice_blast,0.5296,1,15.2,diseased
aug_0_8251.jpg,rice_blast,rice_blast,0.7987,1,15.9,diseased
aug_0_8257.jpg,rice_blast,rice_blast,0.9403,1,18.8,diseased
aug_0_8280.jpg,rice_blast,rice_blast,0.9176,1,17.3,diseased
aug_0_8323.jpg,rice_blast,rice_blast,0.9274,1,14.4,diseased
aug_0_8424.jpg,rice_blast,rice_blast,0.9649,1,14.3,diseased
aug_0_8506.jpg,rice_blast,rice_blast,0.5428,1,18.8,diseased
aug_0_8853.jpg,rice_blast,rice_leaf_scald,0.6481,0,14.9,diseased
aug_0_8903.jpg,rice_blast,rice_blast,0.98,1,16.3,diseased
aug_0_8945.jpg,rice_blast,rice_bacterial_blight,0.7069,0,17.1,diseased
aug_0_9192.jpg,rice_blast,rice_blast,0.9807,1,14.9,diseased
aug_0_9296.jpg,rice_blast,rice_blast,0.9919,1,16.3,diseased
aug_0_9338.jpg,rice_blast,rice_leaf_scald,0.9468,0,16.9,diseased
aug_0_9418.jpg,rice_blast,rice_blast,0.9451,1,14.4,diseased
aug_0_9443.jpg,rice_blast,rice_blast,0.8832,1,17.8,diseased
aug_0_9768.jpg,rice_blast,rice_blast,0.9243,1,16.3,diseased
aug_0_9787.jpg,rice_blast,rice_blast,0.9101,1,15.5,diseased
aug_0_9811.jpg,rice_blast,rice_blast,0.4448,1,18.0,diseased
aug_0_9847.jpg,rice_blast,rice_blast,0.7575,1,13.4,diseased
aug_0_9862.jpg,rice_blast,rice_blast,0.9244,1,16.6,diseased
aug_0_9884.jpg,rice_blast,rice_blast,0.9331,1,14.4,diseased
IMG_20231014_171453.jpg,rice_blast,rice_leaf_scald,0.8612,0,16.4,diseased
IMG_20231014_171757.jpg,rice_blast,rice_leaf_scald,0.9275,0,14.4,diseased
IMG_20231014_171812.jpg,rice_blast,rice_leaf_scald,0.6521,0,14.5,diseased
IMG_20231014_172551.jpg,rice_blast,rice_bacterial_blight,0.3872,0,16.2,diseased
IMG_20231018_143021_1.jpg,rice_blast,rice_blast,0.9655,1,18.3,diseased
IMG_20231018_143153.jpg,rice_blast,rice_blast,0.5185,1,14.6,diseased
IMG_20231018_143753 - Copy.jpg,rice_blast,rice_blast,0.8622,1,15.5,diseased
aug_0_131.jpg,rice_brown_spot,rice_blast,0.9878,0,15.4,diseased
aug_0_190.jpg,rice_brown_spot,rice_leaf_scald,0.6337,0,16.7,diseased
aug_0_232.jpg,rice_brown_spot,rice_brown_spot,0.8114,1,14.2,diseased
aug_0_4725.jpg,rice_brown_spot,rice_brown_spot,0.613,1,16.3,diseased
aug_0_4747.jpg,rice_brown_spot,rice_brown_spot,0.9978,1,16.0,diseased
aug_0_4767.jpg,rice_brown_spot,rice_brown_spot,0.9979,1,14.4,diseased
aug_0_5102.jpg,rice_brown_spot,rice_blast,0.5264,0,19.2,diseased
aug_0_5282.jpg,rice_brown_spot,wheat_tan_spot,0.6023,0,14.2,diseased
aug_0_5303.jpg,rice_brown_spot,rice_brown_spot,0.6439,1,15.8,diseased
aug_0_5334.jpg,rice_brown_spot,rice_brown_spot,0.7799,1,15.0,diseased
aug_0_5509.jpg,rice_brown_spot,rice_brown_spot,0.9419,1,14.0,diseased
aug_0_5549.jpg,rice_brown_spot,rice_blast,0.5012,0,16.4,diseased
aug_0_5551.jpg,rice_brown_spot,rice_brown_spot,0.6308,1,17.1,diseased
aug_0_5561.jpg,rice_brown_spot,rice_brown_spot,0.9878,1,15.2,diseased
aug_0_5582.jpg,rice_brown_spot,rice_brown_spot,0.9937,1,18.9,diseased
aug_0_5616.jpg,rice_brown_spot,rice_brown_spot,0.9952,1,15.8,diseased
aug_0_5855.jpg,rice_brown_spot,rice_brown_spot,0.9937,1,15.1,diseased
aug_0_6194.jpg,rice_brown_spot,rice_brown_spot,0.467,1,18.6,diseased
aug_0_6519.jpg,rice_brown_spot,rice_brown_spot,0.7088,1,15.4,diseased
aug_0_6621.jpg,rice_brown_spot,healthy_rice,0.6539,0,17.1,diseased
aug_0_6645.jpg,rice_brown_spot,rice_brown_spot,0.9842,1,16.4,diseased
aug_0_6807.jpg,rice_brown_spot,rice_brown_spot,0.993,1,14.5,diseased
aug_0_7172.jpg,rice_brown_spot,rice_blast,0.8566,0,18.1,diseased
aug_0_7243.jpg,rice_brown_spot,rice_brown_spot,0.995,1,18.6,diseased
aug_0_7388.jpg,rice_brown_spot,rice_brown_spot,0.7402,1,17.6,diseased
aug_0_7389.jpg,rice_brown_spot,rice_brown_spot,0.9987,1,16.9,diseased
aug_0_7424.jpg,rice_brown_spot,rice_brown_spot,0.5171,1,16.4,diseased
aug_0_7742.jpg,rice_brown_spot,rice_brown_spot,0.9966,1,17.5,diseased
aug_0_8094.jpg,rice_brown_spot,rice_brown_spot,0.9668,1,16.1,diseased
aug_0_8131.jpg,rice_brown_spot,rice_brown_spot,0.9921,1,15.4,diseased
aug_0_8275.jpg,rice_brown_spot,rice_brown_spot,0.9134,1,17.5,diseased
Brown_spot (111).jpg,rice_brown_spot,rice_brown_spot,0.8107,1,17.6,diseased
Brown_spot (115).jpg,rice_brown_spot,rice_blast,0.5988,0,16.4,diseased
Brown_spot (128).jpg,rice_brown_spot,rice_blast,0.4056,0,16.8,diseased
Brown_spot (144).jpg,rice_brown_spot,rice_brown_spot,0.9828,1,14.7,diseased
Brown_spot (148).jpg,rice_brown_spot,rice_brown_spot,0.9403,1,18.0,diseased
Brown_spot (152).jpg,rice_brown_spot,rice_brown_spot,0.6428,1,18.2,diseased
Brown_spot (153).jpg,rice_brown_spot,rice_blast,0.8581,0,16.3,diseased
Brown_spot (168).jpg,rice_brown_spot,rice_brown_spot,0.9945,1,15.1,diseased
Brown_spot (207).jpg,rice_brown_spot,rice_blast,0.5011,0,18.4,diseased
Brown_spot (216).jpg,rice_brown_spot,rice_leaf_scald,0.6826,0,17.0,diseased
Brown_spot (217).jpg,rice_brown_spot,rice_brown_spot,0.8271,1,15.1,diseased
Brown_spot (220).jpg,rice_brown_spot,rice_brown_spot,0.5319,1,18.0,diseased
IMG_20231018_142956_1.jpg,rice_brown_spot,wheat_tan_spot,0.5805,0,17.4,diseased
IMG_20231018_144200_1.jpg,rice_brown_spot,rice_blast,0.9796,0,19.5,diseased
aug_0_1018.jpg,rice_leaf_scald,rice_leaf_scald,0.7249,1,16.1,diseased
aug_0_1342.jpg,rice_leaf_scald,rice_leaf_scald,0.5717,1,16.1,diseased
aug_0_1799.jpg,rice_leaf_scald,rice_leaf_scald,0.9863,1,16.3,diseased
aug_0_2025.jpg,rice_leaf_scald,rice_leaf_scald,0.9292,1,18.1,diseased
aug_0_2149.jpg,rice_leaf_scald,rice_leaf_scald,0.925,1,16.9,diseased
aug_0_2227.jpg,rice_leaf_scald,rice_leaf_scald,0.8281,1,22.6,diseased
aug_0_2266.jpg,rice_leaf_scald,rice_leaf_scald,0.9355,1,15.4,diseased
aug_0_2517.jpg,rice_leaf_scald,rice_leaf_scald,0.8823,1,18.3,diseased
aug_0_2563.jpg,rice_leaf_scald,rice_leaf_scald,0.9964,1,17.0,diseased
aug_0_274.jpg,rice_leaf_scald,rice_leaf_scald,0.9941,1,18.0,diseased
aug_0_2787.jpg,rice_leaf_scald,rice_leaf_scald,0.9982,1,15.5,diseased
aug_0_2798.jpg,rice_leaf_scald,rice_leaf_scald,0.7366,1,13.7,diseased
aug_0_2990.jpg,rice_leaf_scald,rice_leaf_scald,0.9402,1,17.3,diseased
aug_0_2996.jpg,rice_leaf_scald,rice_leaf_scald,0.9882,1,14.7,diseased
aug_0_3160.jpg,rice_leaf_scald,rice_leaf_scald,0.9918,1,17.3,diseased
aug_0_3260.jpg,rice_leaf_scald,rice_leaf_scald,0.9111,1,18.7,diseased
aug_0_332.jpg,rice_leaf_scald,rice_leaf_scald,0.7498,1,18.1,diseased
aug_0_3759.jpg,rice_leaf_scald,rice_leaf_scald,0.7117,1,15.8,diseased
aug_0_3775.jpg,rice_leaf_scald,rice_leaf_scald,0.9992,1,17.6,diseased
aug_0_3808.jpg,rice_leaf_scald,rice_leaf_scald,0.9985,1,18.6,diseased
aug_0_3826.jpg,rice_leaf_scald,rice_leaf_scald,0.9583,1,18.5,diseased
aug_0_3882.jpg,rice_leaf_scald,rice_leaf_scald,0.9914,1,15.3,diseased
aug_0_3883.jpg,rice_leaf_scald,rice_blast,0.3613,0,15.8,diseased
aug_0_3899.jpg,rice_leaf_scald,rice_leaf_scald,0.9961,1,15.0,diseased
aug_0_5212.jpg,rice_leaf_scald,rice_leaf_scald,0.8488,1,14.7,diseased
aug_0_5332.jpg,rice_leaf_scald,rice_leaf_scald,0.9831,1,17.4,diseased
aug_0_543.jpg,rice_leaf_scald,rice_leaf_scald,0.8522,1,18.5,diseased
aug_0_5555.jpg,rice_leaf_scald,rice_leaf_scald,0.9966,1,14.6,diseased
aug_0_5880.jpg,rice_leaf_scald,rice_leaf_scald,0.9972,1,17.2,diseased
aug_0_5907.jpg,rice_leaf_scald,rice_leaf_scald,0.6002,1,14.0,diseased
aug_0_5914.jpg,rice_leaf_scald,rice_leaf_scald,0.562,1,16.8,diseased
aug_0_5930.jpg,rice_leaf_scald,rice_leaf_scald,0.9876,1,14.8,diseased
aug_0_6134.jpg,rice_leaf_scald,rice_leaf_scald,0.9855,1,16.4,diseased
aug_0_6168.jpg,rice_leaf_scald,rice_leaf_scald,0.9013,1,21.4,diseased
aug_0_6206.jpg,rice_leaf_scald,rice_leaf_scald,0.9835,1,16.9,diseased
aug_0_6323.jpg,rice_leaf_scald,rice_leaf_scald,0.8926,1,15.6,diseased
aug_0_725.jpg,rice_leaf_scald,rice_leaf_scald,0.9351,1,17.9,diseased
Leaf_scald (102).jpg,rice_leaf_scald,rice_leaf_scald,0.9179,1,19.8,diseased
Leaf_scald (104).jpg,rice_leaf_scald,rice_leaf_scald,0.8993,1,16.3,diseased
Leaf_scald (52).jpg,rice_leaf_scald,rice_leaf_scald,0.9917,1,16.4,diseased
Leaf_scald (57).jpg,rice_leaf_scald,rice_leaf_scald,0.798,1,13.8,diseased
Leaf_scald (61).jpg,rice_leaf_scald,rice_leaf_scald,0.9981,1,19.4,diseased
Leaf_scald (62).jpg,rice_leaf_scald,rice_leaf_scald,0.9999,1,17.6,diseased
Leaf_scald (92).jpg,rice_leaf_scald,rice_sheath_blight,0.555,0,14.7,diseased
Leaf_scald (99).jpg,rice_leaf_scald,rice_leaf_scald,0.8516,1,17.8,diseased
aug_0_149.jpg,rice_sheath_blight,rice_sheath_blight,0.9131,1,16.5,diseased
aug_0_386.jpg,rice_sheath_blight,rice_sheath_blight,0.9998,1,17.6,diseased
aug_0_388.jpg,rice_sheath_blight,rice_sheath_blight,0.9998,1,14.2,diseased
aug_0_64.jpg,rice_sheath_blight,rice_sheath_blight,0.9995,1,15.0,diseased
aug_0_647.jpg,rice_sheath_blight,rice_sheath_blight,1.0,1,20.5,diseased
aug_0_7976.jpg,rice_sheath_blight,rice_sheath_blight,1.0,1,17.0,diseased
aug_0_8064.jpg,rice_sheath_blight,rice_sheath_blight,1.0,1,17.0,diseased
aug_0_8200.jpg,rice_sheath_blight,rice_sheath_blight,0.9455,1,16.4,diseased
aug_0_8257.jpg,rice_sheath_blight,rice_sheath_blight,0.9929,1,14.2,diseased
aug_0_8268.jpg,rice_sheath_blight,rice_sheath_blight,1.0,1,15.0,diseased
aug_0_8500.jpg,rice_sheath_blight,rice_sheath_blight,0.8644,1,14.9,diseased
aug_0_8547.jpg,rice_sheath_blight,rice_sheath_blight,0.3493,1,16.7,diseased
aug_0_8723.jpg,rice_sheath_blight,rice_sheath_blight,0.9685,1,17.4,diseased
aug_0_9021.jpg,rice_sheath_blight,rice_sheath_blight,0.9344,1,14.4,diseased
aug_0_9130.jpg,rice_sheath_blight,rice_sheath_blight,0.9946,1,14.3,diseased
aug_0_9141.jpg,rice_sheath_blight,rice_sheath_blight,0.9995,1,18.4,diseased
aug_0_9274.jpg,rice_sheath_blight,rice_leaf_scald,0.8015,0,15.8,diseased
aug_0_9419.jpg,rice_sheath_blight,rice_sheath_blight,1.0,1,17.0,diseased
aug_0_9486.jpg,rice_sheath_blight,rice_sheath_blight,1.0,1,19.5,diseased
aug_0_9559.jpg,rice_sheath_blight,rice_sheath_blight,0.9985,1,17.4,diseased
aug_0_9584.jpg,rice_sheath_blight,rice_sheath_blight,0.9988,1,17.7,diseased
aug_0_9839.jpg,rice_sheath_blight,rice_sheath_blight,0.9761,1,14.0,diseased
aug_0_9901.jpg,rice_sheath_blight,rice_sheath_blight,0.9999,1,15.9,diseased
aug_0_9918.jpg,rice_sheath_blight,rice_sheath_blight,0.9898,1,15.0,diseased
IMG_20231014_170951.jpg,rice_sheath_blight,rice_sheath_blight,1.0,1,17.6,diseased
IMG_20231014_171019.jpg,rice_sheath_blight,rice_sheath_blight,1.0,1,17.1,diseased
IMG_20231014_172039_1.jpg,rice_sheath_blight,rice_sheath_blight,1.0,1,14.7,diseased
IMG_20231014_172624.jpg,rice_sheath_blight,rice_sheath_blight,0.9952,1,17.1,diseased
IMG_20231014_172938.jpg,rice_sheath_blight,rice_sheath_blight,0.9947,1,20.0,diseased
IMG_20231014_173707.jpg,rice_sheath_blight,rice_sheath_blight,1.0,1,18.4,diseased
IMG_20231014_173719.jpg,rice_sheath_blight,rice_bacterial_blight,0.5946,0,17.4,diseased
IMG_20231014_173759.jpg,rice_sheath_blight,rice_sheath_blight,0.9888,1,18.7,diseased
IMG_20231014_173857.jpg,rice_sheath_blight,rice_sheath_blight,1.0,1,19.9,diseased
IMG_20231014_173947.jpg,rice_sheath_blight,rice_sheath_blight,1.0,1,23.7,diseased
IMG_20231014_174001.jpg,rice_sheath_blight,rice_sheath_blight,1.0,1,31.2,diseased
IMG_20231018_143304.jpg,rice_sheath_blight,rice_sheath_blight,0.9865,1,18.6,diseased
Sheath_Blight (102).jpg,rice_sheath_blight,rice_blast,0.4938,0,19.8,diseased
Sheath_Blight (111).jpg,rice_sheath_blight,rice_sheath_blight,0.855,1,16.5,diseased
Sheath_Blight (113).jpg,rice_sheath_blight,rice_sheath_blight,0.9997,1,17.9,diseased
Sheath_Blight (114).jpg,rice_sheath_blight,rice_sheath_blight,0.8574,1,16.2,diseased
Sheath_Blight (121).jpg,rice_sheath_blight,rice_sheath_blight,0.9995,1,18.8,diseased
Sheath_Blight (133).jpg,rice_sheath_blight,rice_sheath_blight,0.9986,1,20.3,diseased
Sheath_Blight (134).jpg,rice_sheath_blight,rice_sheath_blight,0.9985,1,16.8,diseased
Sheath_Blight (138).jpg,rice_sheath_blight,wheat_brown_rust,0.4805,0,20.2,diseased
Sheath_Blight (77).jpg,rice_sheath_blight,rice_sheath_blight,1.0,1,19.5,diseased
aphid_1.png,wheat_aphid,wheat_aphid,0.7888,1,17.4,diseased
aphid_109.png,wheat_aphid,wheat_stem_fly,0.9866,0,20.2,diseased
aphid_110.png,wheat_aphid,healthy_rice,0.2869,0,18.4,diseased
aphid_152.png,wheat_aphid,wheat_root_rot,0.5015,0,17.8,diseased
aphid_17.png,wheat_aphid,wheat_aphid,0.2899,1,16.2,diseased
aphid_186.png,wheat_aphid,wheat_stem_fly,0.9586,0,19.3,diseased
aphid_201.png,wheat_aphid,wheat_aphid,0.6156,1,18.1,diseased
aphid_212.png,wheat_aphid,wheat_brown_rust,0.7421,0,19.1,diseased
aphid_234.png,wheat_aphid,wheat_mite,0.5104,0,20.5,diseased
aphid_287.png,wheat_aphid,wheat_aphid,0.9953,1,18.2,diseased
aphid_294.png,wheat_aphid,wheat_aphid,0.6242,1,21.2,diseased
aphid_34.png,wheat_aphid,wheat_aphid,0.989,1,20.0,diseased
aphid_342.png,wheat_aphid,wheat_stem_fly,0.8516,0,24.3,diseased
aphid_348.png,wheat_aphid,wheat_aphid,0.4551,1,17.8,diseased
aphid_35.png,wheat_aphid,wheat_aphid,0.8379,1,19.3,diseased
aphid_372.png,wheat_aphid,wheat_tan_spot,0.4274,0,18.9,diseased
aphid_385.png,wheat_aphid,wheat_aphid,0.153,1,19.0,diseased
aphid_399.png,wheat_aphid,wheat_stem_fly,0.4067,0,17.2,diseased
aphid_431.png,wheat_aphid,wheat_aphid,0.3486,1,16.2,diseased
aphid_434.png,wheat_aphid,wheat_root_rot,0.2951,0,17.1,diseased
aphid_438.png,wheat_aphid,wheat_aphid,0.8516,1,15.8,diseased
aphid_453.png,wheat_aphid,wheat_aphid,0.2941,1,17.5,diseased
aphid_464.png,wheat_aphid,wheat_aphid,0.2552,1,18.3,diseased
aphid_475.png,wheat_aphid,wheat_aphid,0.747,1,19.3,diseased
aphid_520.png,wheat_aphid,wheat_aphid,0.454,1,16.0,diseased
aphid_530.png,wheat_aphid,wheat_mite,0.5696,0,19.2,diseased
aphid_533.png,wheat_aphid,wheat_tan_spot,0.5503,0,17.1,diseased
aphid_549.png,wheat_aphid,wheat_aphid,0.937,1,18.5,diseased
aphid_591.png,wheat_aphid,wheat_aphid,0.3806,1,18.9,diseased
aphid_612.png,wheat_aphid,wheat_root_rot,0.5475,0,19.2,diseased
aphid_668.png,wheat_aphid,wheat_mite,0.3574,0,17.2,diseased
aphid_685.png,wheat_aphid,rice_brown_spot,0.3318,0,16.8,diseased
aphid_689.png,wheat_aphid,wheat_aphid,0.7332,1,17.9,diseased
aphid_708.png,wheat_aphid,wheat_root_rot,0.5788,0,15.0,diseased
aphid_721.png,wheat_aphid,wheat_leaf_blight,0.2381,0,15.3,diseased
aphid_729.png,wheat_aphid,wheat_powdery_mildew,0.2985,0,19.5,diseased
aphid_776.png,wheat_aphid,wheat_aphid,0.9756,1,17.4,diseased
aphid_793.png,wheat_aphid,wheat_aphid,0.9906,1,21.0,diseased
aphid_803.png,wheat_aphid,wheat_tan_spot,0.8464,0,19.1,diseased
aphid_806.png,wheat_aphid,wheat_aphid,0.9524,1,20.6,diseased
aphid_809.png,wheat_aphid,wheat_aphid,0.5782,1,18.8,diseased
aphid_864.png,wheat_aphid,healthy_wheat,0.8264,0,14.3,diseased
aphid_884.png,wheat_aphid,wheat_stem_fly,0.7079,0,15.3,diseased
aphid_899.png,wheat_aphid,wheat_aphid,0.4937,1,15.2,diseased
aphid_902.png,wheat_aphid,wheat_tan_spot,0.3599,0,13.8,diseased
black_rust_1.png,wheat_black_rust,wheat_black_rust,0.9998,1,16.9,diseased
black_rust_112.png,wheat_black_rust,wheat_black_rust,0.7721,1,19.4,diseased
black_rust_114.png,wheat_black_rust,wheat_tan_spot,0.584,0,18.2,diseased
black_rust_115.png,wheat_black_rust,wheat_brown_rust,0.7655,0,15.6,diseased
black_rust_121.png,wheat_black_rust,wheat_brown_rust,0.4142,0,15.7,diseased
black_rust_131.png,wheat_black_rust,wheat_black_rust,0.5177,1,18.1,diseased
black_rust_135.png,wheat_black_rust,wheat_black_rust,0.6748,1,15.6,diseased
black_rust_150.png,wheat_black_rust,wheat_black_rust,0.7085,1,16.2,diseased
black_rust_166.png,wheat_black_rust,wheat_brown_rust,0.6036,0,15.9,diseased
black_rust_176.png,wheat_black_rust,wheat_black_rust,0.5075,1,16.2,diseased
black_rust_186.png,wheat_black_rust,wheat_brown_rust,0.8019,0,19.2,diseased
black_rust_194.png,wheat_black_rust,wheat_black_rust,0.6386,1,22.1,diseased
black_rust_199.png,wheat_black_rust,wheat_brown_rust,0.8594,0,17.9,diseased
black_rust_200.png,wheat_black_rust,wheat_black_rust,0.5779,1,15.9,diseased
black_rust_207.png,wheat_black_rust,wheat_tan_spot,0.6022,0,21.5,diseased
black_rust_246.png,wheat_black_rust,wheat_black_rust,0.9594,1,17.1,diseased
black_rust_260.png,wheat_black_rust,wheat_black_rust,0.5404,1,15.1,diseased
black_rust_269.png,wheat_black_rust,wheat_tan_spot,0.333,0,18.4,diseased
black_rust_296.png,wheat_black_rust,wheat_black_rust,0.9549,1,15.0,diseased
black_rust_297.png,wheat_black_rust,wheat_septoria,0.7734,0,17.9,diseased
black_rust_300.png,wheat_black_rust,wheat_black_rust,0.9978,1,19.3,diseased
black_rust_304.png,wheat_black_rust,wheat_black_rust,0.9667,1,19.3,diseased
black_rust_327.png,wheat_black_rust,wheat_root_rot,0.4606,0,20.2,diseased
black_rust_330.png,wheat_black_rust,wheat_black_rust,0.38,1,17.7,diseased
black_rust_331.png,wheat_black_rust,wheat_black_rust,0.9881,1,18.0,diseased
black_rust_366.png,wheat_black_rust,wheat_black_rust,0.8457,1,18.0,diseased
black_rust_368.png,wheat_black_rust,wheat_black_rust,0.8006,1,18.2,diseased
black_rust_388.png,wheat_black_rust,wheat_black_rust,0.9964,1,18.6,diseased
black_rust_397.png,wheat_black_rust,wheat_black_rust,0.905,1,15.0,diseased
black_rust_409.png,wheat_black_rust,wheat_black_rust,0.4184,1,15.4,diseased
black_rust_424.png,wheat_black_rust,wheat_root_rot,0.4562,0,17.6,diseased
black_rust_444.png,wheat_black_rust,wheat_powdery_mildew,0.2685,0,17.0,diseased
black_rust_468.png,wheat_black_rust,wheat_leaf_blight,0.7094,0,17.5,diseased
black_rust_470.png,wheat_black_rust,wheat_brown_rust,0.4011,0,17.5,diseased
black_rust_487.png,wheat_black_rust,wheat_black_rust,0.5982,1,20.5,diseased
black_rust_490.png,wheat_black_rust,wheat_black_rust,0.9985,1,16.3,diseased
black_rust_506.png,wheat_black_rust,wheat_black_rust,0.7306,1,18.1,diseased
black_rust_519.png,wheat_black_rust,wheat_brown_rust,0.6368,0,15.9,diseased
black_rust_546.png,wheat_black_rust,wheat_black_rust,0.9592,1,15.9,diseased
black_rust_553.png,wheat_black_rust,wheat_black_rust,0.7417,1,19.5,diseased
black_rust_62.png,wheat_black_rust,wheat_black_rust,0.5805,1,17.3,diseased
black_rust_66.png,wheat_black_rust,wheat_black_rust,0.5358,1,20.4,diseased
black_rust_74.png,wheat_black_rust,wheat_black_rust,0.6101,1,16.1,diseased
black_rust_80.png,wheat_black_rust,wheat_brown_rust,0.5035,0,17.9,diseased
black_rust_94.png,wheat_black_rust,wheat_brown_rust,0.5059,0,19.2,diseased
blast_128.png,wheat_blast,wheat_blast,0.8568,1,16.2,diseased
blast_151.png,wheat_blast,wheat_blast,0.8019,1,16.7,diseased
blast_157.png,wheat_blast,wheat_blast,0.8375,1,18.1,diseased
blast_158.png,wheat_blast,wheat_blast,0.9593,1,17.8,diseased
blast_16.png,wheat_blast,wheat_blast,0.9387,1,15.5,diseased
blast_182.png,wheat_blast,wheat_blast,0.9418,1,14.5,diseased
blast_188.png,wheat_blast,wheat_blast,0.7454,1,17.1,diseased
blast_189.png,wheat_blast,wheat_mite,0.7937,0,18.6,diseased
blast_2.png,wheat_blast,wheat_blast,0.955,1,18.0,diseased
blast_200.png,wheat_blast,wheat_blast,0.9625,1,17.3,diseased
blast_208.png,wheat_blast,wheat_blast,0.6437,1,17.3,diseased
blast_231.png,wheat_blast,wheat_blast,0.8563,1,16.1,diseased
blast_233.png,wheat_blast,wheat_smut,0.4536,0,18.4,diseased
blast_247.png,wheat_blast,wheat_blast,0.6003,1,18.5,diseased
blast_272.png,wheat_blast,wheat_smut,0.3787,0,15.8,diseased
blast_291.png,wheat_blast,wheat_blast,0.6851,1,17.6,diseased
blast_298.png,wheat_blast,wheat_blast,0.8681,1,14.3,diseased
blast_30.png,wheat_blast,wheat_blast,0.8374,1,15.4,diseased
blast_303.png,wheat_blast,wheat_smut,0.1685,0,15.0,diseased
blast_330.png,wheat_blast,wheat_blast,0.9836,1,16.0,diseased
blast_353.png,wheat_blast,wheat_blast,0.9533,1,15.5,diseased
blast_370.png,wheat_blast,wheat_blast,0.7692,1,16.3,diseased
blast_389.png,wheat_blast,wheat_blast,0.9865,1,21.1,diseased
blast_413.png,wheat_blast,wheat_blast,0.9218,1,15.3,diseased
blast_421.png,wheat_blast,wheat_blast,0.954,1,16.2,diseased
blast_436.png,wheat_blast,wheat_tan_spot,0.3337,0,16.0,diseased
blast_45.png,wheat_blast,wheat_fusarium_head_blight,0.7893,0,20.1,diseased
blast_456.png,wheat_blast,wheat_blast,0.8005,1,16.3,diseased
blast_46.png,wheat_blast,wheat_blast,0.8554,1,16.4,diseased
blast_466.png,wheat_blast,wheat_blast,0.7791,1,18.3,diseased
blast_491.png,wheat_blast,wheat_leaf_blight,0.556,0,17.7,diseased
blast_499.png,wheat_blast,wheat_smut,0.3337,0,15.6,diseased
blast_52.png,wheat_blast,wheat_fusarium_head_blight,0.7268,0,16.1,diseased
blast_521.png,wheat_blast,wheat_blast,0.7596,1,19.3,diseased
blast_531.png,wheat_blast,wheat_root_rot,0.5158,0,17.7,diseased
blast_54.png,wheat_blast,wheat_blast,0.9132,1,18.6,diseased
blast_540.png,wheat_blast,wheat_blast,0.9042,1,16.8,diseased
blast_551.png,wheat_blast,wheat_blast,0.8266,1,15.9,diseased
blast_569.png,wheat_blast,wheat_smut,0.4434,0,16.1,diseased
blast_598.png,wheat_blast,wheat_blast,0.9933,1,15.6,diseased
blast_600.png,wheat_blast,wheat_blast,0.9949,1,19.2,diseased
blast_638.png,wheat_blast,wheat_blast,0.6485,1,18.3,diseased
blast_73.png,wheat_blast,wheat_blast,0.4627,1,18.7,diseased
blast_80.png,wheat_blast,wheat_blast,0.7742,1,16.9,diseased
blast_98.png,wheat_blast,wheat_blast,0.8729,1,16.8,diseased
brown_rust_1005.png,wheat_brown_rust,wheat_brown_rust,0.5155,1,15.0,diseased
brown_rust_1038.png,wheat_brown_rust,wheat_black_rust,0.6942,0,15.7,diseased
brown_rust_104.png,wheat_brown_rust,wheat_black_rust,0.5731,0,18.7,diseased
brown_rust_1041.png,wheat_brown_rust,wheat_black_rust,0.798,0,20.5,diseased
brown_rust_1059.png,wheat_brown_rust,wheat_brown_rust,0.5488,1,14.5,diseased
brown_rust_1135.png,wheat_brown_rust,wheat_brown_rust,0.7957,1,16.0,diseased
brown_rust_114.png,wheat_brown_rust,wheat_brown_rust,0.5365,1,14.9,diseased
brown_rust_1145.png,wheat_brown_rust,wheat_black_rust,0.4381,0,14.9,diseased
brown_rust_1180.png,wheat_brown_rust,wheat_brown_rust,0.6764,1,20.9,diseased
brown_rust_1196.png,wheat_brown_rust,wheat_black_rust,0.4673,0,16.5,diseased
brown_rust_1207.png,wheat_brown_rust,wheat_black_rust,0.5778,0,17.3,diseased
brown_rust_1251.png,wheat_brown_rust,wheat_tan_spot,0.8354,0,18.8,diseased
brown_rust_1257.png,wheat_brown_rust,wheat_brown_rust,0.6346,1,18.9,diseased
brown_rust_140.png,wheat_brown_rust,wheat_brown_rust,0.7567,1,16.5,diseased
brown_rust_146.png,wheat_brown_rust,wheat_brown_rust,0.4588,1,15.9,diseased
brown_rust_154.png,wheat_brown_rust,healthy_wheat,0.9855,0,18.0,diseased
brown_rust_156.png,wheat_brown_rust,wheat_powdery_mildew,0.5722,0,18.2,diseased
brown_rust_162.png,wheat_brown_rust,wheat_brown_rust,0.9986,1,21.8,diseased
brown_rust_190.png,wheat_brown_rust,wheat_brown_rust,0.8174,1,16.6,diseased
brown_rust_23.png,wheat_brown_rust,wheat_black_rust,0.901,0,18.3,diseased
brown_rust_321.png,wheat_brown_rust,wheat_brown_rust,0.9723,1,17.1,diseased
brown_rust_332.png,wheat_brown_rust,wheat_brown_rust,0.4133,1,14.9,diseased
brown_rust_373.png,wheat_brown_rust,wheat_brown_rust,0.974,1,15.6,diseased
brown_rust_418.png,wheat_brown_rust,wheat_brown_rust,0.9986,1,15.5,diseased
brown_rust_448.png,wheat_brown_rust,wheat_brown_rust,0.9992,1,14.5,diseased
brown_rust_525.png,wheat_brown_rust,wheat_brown_rust,0.9992,1,18.0,diseased
brown_rust_55.png,wheat_brown_rust,wheat_brown_rust,0.6949,1,14.7,diseased
brown_rust_57.png,wheat_brown_rust,wheat_brown_rust,0.7933,1,65.6,diseased
brown_rust_599.png,wheat_brown_rust,wheat_brown_rust,0.9979,1,67.9,diseased
brown_rust_660.png,wheat_brown_rust,wheat_brown_rust,0.887,1,19.3,diseased
brown_rust_666.png,wheat_brown_rust,wheat_brown_rust,0.9811,1,16.8,diseased
brown_rust_669.png,wheat_brown_rust,wheat_brown_rust,0.9993,1,16.7,diseased
brown_rust_724.png,wheat_brown_rust,wheat_brown_rust,0.9905,1,15.9,diseased
brown_rust_732.png,wheat_brown_rust,wheat_brown_rust,0.8981,1,17.9,diseased
brown_rust_762.png,wheat_brown_rust,wheat_brown_rust,0.9999,1,20.0,diseased
brown_rust_785.png,wheat_brown_rust,wheat_brown_rust,0.9999,1,18.0,diseased
brown_rust_803.png,wheat_brown_rust,wheat_brown_rust,0.9983,1,18.7,diseased
brown_rust_826.png,wheat_brown_rust,wheat_brown_rust,0.9997,1,20.0,diseased
brown_rust_858.png,wheat_brown_rust,wheat_brown_rust,0.3471,1,19.8,diseased
brown_rust_881.png,wheat_brown_rust,wheat_brown_rust,0.9995,1,19.6,diseased
brown_rust_891.png,wheat_brown_rust,wheat_brown_rust,0.9902,1,18.3,diseased
brown_rust_913.png,wheat_brown_rust,wheat_brown_rust,0.9715,1,17.8,diseased
brown_rust_966.png,wheat_brown_rust,wheat_brown_rust,0.9335,1,17.0,diseased
brown_rust_974.png,wheat_brown_rust,wheat_brown_rust,0.9627,1,15.3,diseased
brown_rust_984.png,wheat_brown_rust,wheat_brown_rust,0.9286,1,19.9,diseased
fusarium_head_blight_101.png,wheat_fusarium_head_blight,wheat_fusarium_head_blight,1.0,1,17.4,diseased
fusarium_head_blight_123.png,wheat_fusarium_head_blight,wheat_fusarium_head_blight,1.0,1,16.0,diseased
fusarium_head_blight_126.png,wheat_fusarium_head_blight,wheat_fusarium_head_blight,1.0,1,18.1,diseased
fusarium_head_blight_127.png,wheat_fusarium_head_blight,wheat_fusarium_head_blight,1.0,1,15.0,diseased
fusarium_head_blight_134.png,wheat_fusarium_head_blight,wheat_fusarium_head_blight,1.0,1,17.2,diseased
fusarium_head_blight_135.png,wheat_fusarium_head_blight,wheat_fusarium_head_blight,1.0,1,17.1,diseased
fusarium_head_blight_171.png,wheat_fusarium_head_blight,wheat_fusarium_head_blight,1.0,1,15.1,diseased
fusarium_head_blight_194.png,wheat_fusarium_head_blight,wheat_fusarium_head_blight,1.0,1,18.7,diseased
fusarium_head_blight_208.png,wheat_fusarium_head_blight,wheat_fusarium_head_blight,1.0,1,19.0,diseased
fusarium_head_blight_214.png,wheat_fusarium_head_blight,wheat_blast,0.7396,0,17.8,diseased
fusarium_head_blight_215.png,wheat_fusarium_head_blight,wheat_fusarium_head_blight,0.9999,1,17.2,diseased
fusarium_head_blight_250.png,wheat_fusarium_head_blight,wheat_fusarium_head_blight,1.0,1,16.8,diseased
fusarium_head_blight_251.png,wheat_fusarium_head_blight,wheat_fusarium_head_blight,1.0,1,18.3,diseased
fusarium_head_blight_255.png,wheat_fusarium_head_blight,wheat_fusarium_head_blight,1.0,1,18.9,diseased
fusarium_head_blight_288.png,wheat_fusarium_head_blight,healthy_wheat,0.4149,0,18.8,diseased
fusarium_head_blight_289.png,wheat_fusarium_head_blight,wheat_fusarium_head_blight,0.9962,1,17.8,diseased
fusarium_head_blight_290.png,wheat_fusarium_head_blight,wheat_fusarium_head_blight,1.0,1,18.3,diseased
fusarium_head_blight_292.png,wheat_fusarium_head_blight,wheat_fusarium_head_blight,1.0,1,18.8,diseased
fusarium_head_blight_293.png,wheat_fusarium_head_blight,wheat_fusarium_head_blight,1.0,1,20.5,diseased
fusarium_head_blight_298.png,wheat_fusarium_head_blight,wheat_fusarium_head_blight,0.9999,1,19.6,diseased
fusarium_head_blight_306.png,wheat_fusarium_head_blight,wheat_blast,0.9507,0,15.3,diseased
fusarium_head_blight_310.png,wheat_fusarium_head_blight,wheat_fusarium_head_blight,0.5303,1,18.6,diseased
fusarium_head_blight_359.png,wheat_fusarium_head_blight,wheat_smut,0.6453,0,15.0,diseased
fusarium_head_blight_383.png,wheat_fusarium_head_blight,wheat_blast,0.5869,0,18.0,diseased
fusarium_head_blight_389.png,wheat_fusarium_head_blight,wheat_smut,0.3904,0,17.3,diseased
fusarium_head_blight_403.png,wheat_fusarium_head_blight,wheat_blast,0.7044,0,15.6,diseased
fusarium_head_blight_404.png,wheat_fusarium_head_blight,wheat_fusarium_head_blight,0.579,1,17.6,diseased
fusarium_head_blight_406.png,wheat_fusarium_head_blight,wheat_blast,0.3766,0,15.5,diseased
fusarium_head_blight_448.png,wheat_fusarium_head_blight,wheat_fusarium_head_blight,0.9996,1,17.6,diseased
fusarium_head_blight_457.png,wheat_fusarium_head_blight,wheat_fusarium_head_blight,1.0,1,14.4,diseased
fusarium_head_blight_461.png,wheat_fusarium_head_blight,wheat_fusarium_head_blight,0.7158,1,15.0,diseased
fusarium_head_blight_482.png,wheat_fusarium_head_blight,wheat_fusarium_head_blight,0.9998,1,19.4,diseased
fusarium_head_blight_493.png,wheat_fusarium_head_blight,wheat_fusarium_head_blight,1.0,1,16.8,diseased
fusarium_head_blight_506.png,wheat_fusarium_head_blight,wheat_fusarium_head_blight,1.0,1,19.6,diseased
fusarium_head_blight_512.png,wheat_fusarium_head_blight,wheat_fusarium_head_blight,1.0,1,16.7,diseased
fusarium_head_blight_514.png,wheat_fusarium_head_blight,wheat_fusarium_head_blight,0.9999,1,16.0,diseased
fusarium_head_blight_529.png,wheat_fusarium_head_blight,wheat_fusarium_head_blight,1.0,1,17.6,diseased
fusarium_head_blight_542.png,wheat_fusarium_head_blight,wheat_fusarium_head_blight,0.9998,1,19.2,diseased
fusarium_head_blight_558.png,wheat_fusarium_head_blight,wheat_fusarium_head_blight,0.9999,1,19.7,diseased
fusarium_head_blight_57.png,wheat_fusarium_head_blight,wheat_fusarium_head_blight,1.0,1,21.2,diseased
fusarium_head_blight_582.png,wheat_fusarium_head_blight,wheat_fusarium_head_blight,1.0,1,18.7,diseased
fusarium_head_blight_608.png,wheat_fusarium_head_blight,wheat_fusarium_head_blight,0.9997,1,18.4,diseased
fusarium_head_blight_609.png,wheat_fusarium_head_blight,wheat_fusarium_head_blight,1.0,1,18.3,diseased
fusarium_head_blight_62.png,wheat_fusarium_head_blight,wheat_fusarium_head_blight,0.9999,1,16.8,diseased
fusarium_head_blight_91.png,wheat_fusarium_head_blight,wheat_fusarium_head_blight,0.4752,1,15.2,diseased
leaf_blight_140.png,wheat_leaf_blight,wheat_leaf_blight,0.5144,1,15.2,diseased
leaf_blight_164.png,wheat_leaf_blight,wheat_leaf_blight,0.4282,1,19.2,diseased
leaf_blight_171.png,wheat_leaf_blight,wheat_leaf_blight,0.2571,1,17.0,diseased
leaf_blight_18.png,wheat_leaf_blight,wheat_leaf_blight,0.384,1,20.2,diseased
leaf_blight_188.png,wheat_leaf_blight,wheat_brown_rust,0.3464,0,15.1,diseased
leaf_blight_239.png,wheat_leaf_blight,wheat_stem_fly,0.3114,0,17.0,diseased
leaf_blight_245.png,wheat_leaf_blight,wheat_leaf_blight,0.9464,1,20.2,diseased
leaf_blight_270.png,wheat_leaf_blight,wheat_brown_rust,0.7015,0,19.0,diseased
leaf_blight_275.png,wheat_leaf_blight,wheat_tan_spot,0.4852,0,16.7,diseased
leaf_blight_276.png,wheat_leaf_blight,wheat_brown_rust,0.9641,0,14.0,diseased
leaf_blight_301.png,wheat_leaf_blight,wheat_tan_spot,0.2466,0,22.1,diseased
leaf_blight_303.png,wheat_leaf_blight,wheat_leaf_blight,0.2779,1,14.4,diseased
leaf_blight_356.png,wheat_leaf_blight,rice_sheath_blight,0.2176,0,16.8,diseased
leaf_blight_367.png,wheat_leaf_blight,wheat_leaf_blight,0.7411,1,15.1,diseased
leaf_blight_37.png,wheat_leaf_blight,wheat_leaf_blight,0.762,1,15.0,diseased
leaf_blight_371.png,wheat_leaf_blight,wheat_stem_fly,0.2873,0,17.6,diseased
leaf_blight_395.png,wheat_leaf_blight,wheat_brown_rust,0.5924,0,15.6,diseased
leaf_blight_405.png,wheat_leaf_blight,wheat_tan_spot,0.5596,0,19.0,diseased
leaf_blight_41.png,wheat_leaf_blight,wheat_leaf_blight,0.7263,1,18.1,diseased
leaf_blight_415.png,wheat_leaf_blight,rice_sheath_blight,0.3203,0,14.7,diseased
leaf_blight_435.png,wheat_leaf_blight,healthy_wheat,0.3917,0,15.6,diseased
leaf_blight_444.png,wheat_leaf_blight,wheat_leaf_blight,0.9665,1,17.6,diseased
leaf_blight_48.png,wheat_leaf_blight,wheat_leaf_blight,0.8231,1,14.2,diseased
leaf_blight_483.png,wheat_leaf_blight,wheat_tan_spot,0.5994,0,17.7,diseased
leaf_blight_508.png,wheat_leaf_blight,wheat_leaf_blight,0.612,1,15.9,diseased
leaf_blight_512.png,wheat_leaf_blight,wheat_leaf_blight,0.446,1,15.4,diseased
leaf_blight_534.png,wheat_leaf_blight,wheat_leaf_blight,0.7535,1,18.2,diseased
leaf_blight_536.png,wheat_leaf_blight,wheat_septoria,0.2624,0,16.9,diseased
leaf_blight_541.png,wheat_leaf_blight,wheat_tan_spot,0.2358,0,16.5,diseased
leaf_blight_544.png,wheat_leaf_blight,wheat_leaf_blight,0.3968,1,15.3,diseased
leaf_blight_553.png,wheat_leaf_blight,wheat_leaf_blight,0.7017,1,15.8,diseased
leaf_blight_573.png,wheat_leaf_blight,wheat_leaf_blight,0.5814,1,20.8,diseased
leaf_blight_603.png,wheat_leaf_blight,wheat_leaf_blight,0.8236,1,16.9,diseased
leaf_blight_639.png,wheat_leaf_blight,wheat_leaf_blight,0.8969,1,21.4,diseased
leaf_blight_701.png,wheat_leaf_blight,wheat_leaf_blight,0.1968,1,15.3,diseased
leaf_blight_717.png,wheat_leaf_blight,wheat_tan_spot,0.6864,0,16.5,diseased
leaf_blight_724.png,wheat_leaf_blight,wheat_leaf_blight,0.6903,1,17.1,diseased
leaf_blight_737.png,wheat_leaf_blight,wheat_leaf_blight,0.6921,1,19.5,diseased
leaf_blight_751.png,wheat_leaf_blight,wheat_brown_rust,0.7613,0,21.4,diseased
leaf_blight_766.png,wheat_leaf_blight,wheat_leaf_blight,0.9761,1,18.4,diseased
leaf_blight_768.png,wheat_leaf_blight,wheat_leaf_blight,0.6439,1,19.8,diseased
leaf_blight_799.png,wheat_leaf_blight,wheat_tan_spot,0.6749,0,17.6,diseased
leaf_blight_818.png,wheat_leaf_blight,wheat_tan_spot,0.4686,0,18.2,diseased
leaf_blight_835.png,wheat_leaf_blight,wheat_leaf_blight,0.3667,1,16.8,diseased
leaf_blight_90.png,wheat_leaf_blight,wheat_leaf_blight,0.335,1,17.7,diseased
mite_178.png,wheat_mite,wheat_root_rot,0.6407,0,16.8,diseased
mite_195.png,wheat_mite,wheat_aphid,0.8073,0,17.3,diseased
mite_199.png,wheat_mite,wheat_root_rot,0.3503,0,17.4,diseased
mite_206.png,wheat_mite,wheat_mite,0.8916,1,15.3,diseased
mite_222.png,wheat_mite,wheat_mite,0.9307,1,15.8,diseased
mite_248.png,wheat_mite,wheat_stem_fly,0.6618,0,16.1,diseased
mite_281.png,wheat_mite,wheat_mite,0.9397,1,17.9,diseased
mite_29.png,wheat_mite,wheat_aphid,0.596,0,19.7,diseased
mite_290.png,wheat_mite,wheat_mite,0.5091,1,15.7,diseased
mite_318.png,wheat_mite,wheat_mite,0.3355,1,18.1,diseased
mite_321.png,wheat_mite,wheat_mite,0.4437,1,15.3,diseased
mite_322.png,wheat_mite,wheat_leaf_blight,0.2924,0,16.9,diseased
mite_344.png,wheat_mite,wheat_mite,0.9887,1,16.7,diseased
mite_385.png,wheat_mite,wheat_root_rot,0.8995,0,18.2,diseased
mite_407.png,wheat_mite,healthy_wheat,0.3664,0,15.6,diseased
mite_415.png,wheat_mite,wheat_mite,0.9883,1,14.5,diseased
mite_425.png,wheat_mite,wheat_aphid,0.4172,0,15.4,diseased
mite_440.png,wheat_mite,wheat_tan_spot,0.3307,0,18.4,diseased
mite_441.png,wheat_mite,wheat_mite,0.9822,1,14.3,diseased
mite_45.png,wheat_mite,wheat_root_rot,0.4746,0,16.8,diseased
mite_452.png,wheat_mite,healthy_wheat,0.7011,0,16.5,diseased
mite_457.png,wheat_mite,wheat_mite,0.9807,1,15.1,diseased
mite_461.png,wheat_mite,wheat_root_rot,0.7137,0,17.7,diseased
mite_529.png,wheat_mite,wheat_mite,0.9784,1,15.1,diseased
mite_539.png,wheat_mite,wheat_aphid,0.2083,0,14.3,diseased
mite_562.png,wheat_mite,wheat_mite,0.9864,1,16.7,diseased
mite_564.png,wheat_mite,wheat_mite,0.9793,1,16.9,diseased
mite_576.png,wheat_mite,wheat_mite,0.7531,1,16.5,diseased
mite_579.png,wheat_mite,wheat_mite,0.9726,1,17.7,diseased
mite_591.png,wheat_mite,wheat_mite,0.8883,1,17.4,diseased
mite_60.png,wheat_mite,wheat_root_rot,0.7715,0,18.9,diseased
mite_606.png,wheat_mite,wheat_mite,0.8985,1,19.6,diseased
mite_619.png,wheat_mite,wheat_tan_spot,0.3488,0,21.1,diseased
mite_629.png,wheat_mite,wheat_mite,0.9997,1,16.0,diseased
mite_666.png,wheat_mite,wheat_mite,0.9877,1,17.9,diseased
mite_67.png,wheat_mite,wheat_aphid,0.7805,0,15.0,diseased
mite_675.png,wheat_mite,wheat_root_rot,0.9715,0,18.5,diseased
mite_690.png,wheat_mite,wheat_tan_spot,0.4261,0,15.9,diseased
mite_699.png,wheat_mite,wheat_mite,0.9996,1,18.6,diseased
mite_70.png,wheat_mite,wheat_mite,0.89,1,15.8,diseased
mite_703.png,wheat_mite,wheat_tan_spot,0.3619,0,16.9,diseased
mite_753.png,wheat_mite,wheat_aphid,0.4068,0,18.8,diseased
mite_769.png,wheat_mite,wheat_mite,0.7984,1,18.6,diseased
mite_793.png,wheat_mite,wheat_mite,0.6359,1,18.3,diseased
mite_85.png,wheat_mite,wheat_stem_fly,0.4812,0,18.6,diseased
mildew_1048.png,wheat_powdery_mildew,wheat_black_rust,0.4562,0,16.6,diseased
mildew_1060.png,wheat_powdery_mildew,wheat_powdery_mildew,0.827,1,18.2,diseased
mildew_1078.png,wheat_powdery_mildew,wheat_powdery_mildew,0.9739,1,16.2,diseased
mildew_133.png,wheat_powdery_mildew,wheat_tan_spot,0.5814,0,15.7,diseased
mildew_142.png,wheat_powdery_mildew,wheat_smut,0.83,0,14.8,diseased
mildew_231.png,wheat_powdery_mildew,wheat_septoria,0.7743,0,16.3,diseased
mildew_232.png,wheat_powdery_mildew,wheat_powdery_mildew,0.8587,1,17.1,diseased
mildew_269.png,wheat_powdery_mildew,wheat_powdery_mildew,0.9137,1,14.7,diseased
mildew_285.png,wheat_powdery_mildew,wheat_powdery_mildew,0.1602,1,15.0,diseased
mildew_293.png,wheat_powdery_mildew,wheat_powdery_mildew,0.9867,1,15.8,diseased
mildew_327.png,wheat_powdery_mildew,wheat_powdery_mildew,0.9773,1,16.7,diseased
mildew_339.png,wheat_powdery_mildew,healthy_wheat,0.8053,0,18.1,diseased
mildew_343.png,wheat_powdery_mildew,wheat_powdery_mildew,0.3553,1,20.0,diseased
mildew_349.png,wheat_powdery_mildew,wheat_leaf_blight,0.3631,0,16.2,diseased
mildew_367.png,wheat_powdery_mildew,wheat_powdery_mildew,0.9989,1,15.2,diseased
mildew_410.png,wheat_powdery_mildew,wheat_powdery_mildew,0.9838,1,14.6,diseased
mildew_411.png,wheat_powdery_mildew,wheat_powdery_mildew,0.9989,1,19.2,diseased
mildew_412.png,wheat_powdery_mildew,wheat_powdery_mildew,0.9966,1,16.0,diseased
mildew_421.png,wheat_powdery_mildew,wheat_powdery_mildew,0.6814,1,17.6,diseased
mildew_446.png,wheat_powdery_mildew,wheat_powdery_mildew,0.9843,1,19.1,diseased
mildew_5.png,wheat_powdery_mildew,wheat_powdery_mildew,0.9999,1,16.7,diseased
mildew_51.png,wheat_powdery_mildew,healthy_wheat,0.5157,0,14.9,diseased
mildew_551.png,wheat_powdery_mildew,wheat_root_rot,0.3776,0,15.3,diseased
mildew_554.png,wheat_powdery_mildew,wheat_powdery_mildew,0.9984,1,21.2,diseased
mildew_558.png,wheat_powdery_mildew,wheat_powdery_mildew,0.9998,1,15.7,diseased
mildew_566.png,wheat_powdery_mildew,wheat_powdery_mildew,0.8075,1,15.6,diseased
mildew_569.png,wheat_powdery_mildew,healthy_wheat,0.7556,0,20.4,diseased
mildew_570.png,wheat_powdery_mildew,wheat_powdery_mildew,1.0,1,18.3,diseased
mildew_591.png,wheat_powdery_mildew,wheat_powdery_mildew,0.9997,1,19.4,diseased
mildew_611.png,wheat_powdery_mildew,wheat_leaf_blight,0.7604,0,21.3,diseased
mildew_612.png,wheat_powdery_mildew,wheat_powdery_mildew,1.0,1,20.2,diseased
mildew_613.png,wheat_powdery_mildew,wheat_powdery_mildew,0.9999,1,18.8,diseased
mildew_627.png,wheat_powdery_mildew,wheat_powdery_mildew,0.9988,1,22.7,diseased
mildew_649.png,wheat_powdery_mildew,wheat_powdery_mildew,0.9977,1,17.5,diseased
mildew_658.png,wheat_powdery_mildew,wheat_powdery_mildew,0.9997,1,19.7,diseased
mildew_687.png,wheat_powdery_mildew,wheat_powdery_mildew,0.9989,1,16.5,diseased
mildew_714.png,wheat_powdery_mildew,wheat_powdery_mildew,0.9998,1,19.0,diseased
mildew_748.png,wheat_powdery_mildew,wheat_powdery_mildew,0.9656,1,18.3,diseased
mildew_75.png,wheat_powdery_mildew,wheat_powdery_mildew,0.8732,1,18.5,diseased
mildew_759.png,wheat_powdery_mildew,wheat_powdery_mildew,1.0,1,20.0,diseased
mildew_770.png,wheat_powdery_mildew,wheat_powdery_mildew,0.9984,1,19.1,diseased
mildew_775.png,wheat_powdery_mildew,wheat_powdery_mildew,0.9999,1,18.3,diseased
mildew_829.png,wheat_powdery_mildew,wheat_powdery_mildew,0.9994,1,18.5,diseased
mildew_848.png,wheat_powdery_mildew,wheat_powdery_mildew,0.9896,1,20.3,diseased
mildew_87.png,wheat_powdery_mildew,wheat_powdery_mildew,0.8365,1,16.1,diseased
common_root_rot_114.png,wheat_root_rot,wheat_root_rot,0.9799,1,15.5,diseased
common_root_rot_120.png,wheat_root_rot,wheat_tan_spot,0.4143,0,19.1,diseased
common_root_rot_127.png,wheat_root_rot,wheat_root_rot,1.0,1,18.4,diseased
common_root_rot_13.png,wheat_root_rot,wheat_root_rot,0.9999,1,19.6,diseased
common_root_rot_134.png,wheat_root_rot,wheat_root_rot,0.9197,1,19.7,diseased
common_root_rot_139.png,wheat_root_rot,wheat_root_rot,0.9026,1,18.1,diseased
common_root_rot_188.png,wheat_root_rot,wheat_root_rot,0.6794,1,15.7,diseased
common_root_rot_22.png,wheat_root_rot,wheat_leaf_blight,0.6766,0,16.1,diseased
common_root_rot_237.png,wheat_root_rot,wheat_root_rot,0.9999,1,16.6,diseased
common_root_rot_24.png,wheat_root_rot,wheat_root_rot,0.9994,1,18.5,diseased
common_root_rot_244.png,wheat_root_rot,wheat_root_rot,0.9943,1,18.0,diseased
common_root_rot_249.png,wheat_root_rot,wheat_root_rot,0.5472,1,17.9,diseased
common_root_rot_279.png,wheat_root_rot,wheat_root_rot,0.9928,1,20.4,diseased
common_root_rot_294.png,wheat_root_rot,wheat_root_rot,0.5941,1,18.3,diseased
common_root_rot_312.png,wheat_root_rot,wheat_root_rot,0.9113,1,16.1,diseased
common_root_rot_313.png,wheat_root_rot,wheat_stem_fly,0.9547,0,19.8,diseased
common_root_rot_331.png,wheat_root_rot,wheat_root_rot,0.9998,1,17.9,diseased
common_root_rot_334.png,wheat_root_rot,wheat_root_rot,0.9874,1,18.7,diseased
common_root_rot_346.png,wheat_root_rot,wheat_root_rot,0.9575,1,101.5,diseased
common_root_rot_349.png,wheat_root_rot,wheat_root_rot,0.9993,1,17.5,diseased
common_root_rot_353.png,wheat_root_rot,rice_sheath_blight,0.4054,0,19.0,diseased
common_root_rot_358.png,wheat_root_rot,wheat_root_rot,0.9994,1,18.1,diseased
common_root_rot_37.png,wheat_root_rot,wheat_tan_spot,0.316,0,18.2,diseased
common_root_rot_380.png,wheat_root_rot,wheat_root_rot,0.9758,1,50.7,diseased
common_root_rot_384.png,wheat_root_rot,wheat_root_rot,0.6913,1,21.1,diseased
common_root_rot_386.png,wheat_root_rot,wheat_root_rot,0.5017,1,18.2,diseased
common_root_rot_401.png,wheat_root_rot,wheat_root_rot,0.8201,1,18.8,diseased
common_root_rot_402.png,wheat_root_rot,wheat_root_rot,0.6865,1,19.4,diseased
common_root_rot_403.png,wheat_root_rot,wheat_root_rot,0.943,1,19.1,diseased
common_root_rot_407.png,wheat_root_rot,wheat_root_rot,0.9236,1,20.9,diseased
common_root_rot_414.png,wheat_root_rot,wheat_root_rot,0.616,1,19.2,diseased
common_root_rot_415.png,wheat_root_rot,wheat_root_rot,0.9949,1,19.9,diseased
common_root_rot_422.png,wheat_root_rot,wheat_root_rot,0.4991,1,20.5,diseased
common_root_rot_486.png,wheat_root_rot,wheat_root_rot,0.9695,1,19.8,diseased
common_root_rot_492.png,wheat_root_rot,wheat_root_rot,0.9934,1,19.6,diseased
common_root_rot_513.png,wheat_root_rot,wheat_root_rot,0.9969,1,18.9,diseased
common_root_rot_536.png,wheat_root_rot,wheat_root_rot,0.9997,1,19.0,diseased
common_root_rot_551.png,wheat_root_rot,wheat_root_rot,0.9975,1,17.7,diseased
common_root_rot_574.png,wheat_root_rot,wheat_root_rot,0.997,1,21.0,diseased
common_root_rot_575.png,wheat_root_rot,wheat_leaf_blight,0.6309,0,18.5,diseased
common_root_rot_58.png,wheat_root_rot,wheat_root_rot,0.8337,1,18.3,diseased
common_root_rot_605.png,wheat_root_rot,wheat_root_rot,0.9951,1,18.7,diseased
common_root_rot_67.png,wheat_root_rot,wheat_leaf_blight,0.5238,0,19.0,diseased
common_root_rot_71.png,wheat_root_rot,wheat_root_rot,0.999,1,18.4,diseased
common_root_rot_8.png,wheat_root_rot,wheat_root_rot,0.7207,1,15.3,diseased
septoria_1023.png,wheat_septoria,wheat_tan_spot,0.4371,0,24.8,diseased
septoria_1050.png,wheat_septoria,wheat_septoria,0.9745,1,18.7,diseased
septoria_1063.png,wheat_septoria,wheat_septoria,0.9744,1,20.1,diseased
septoria_1119.png,wheat_septoria,wheat_septoria,0.3909,1,21.4,diseased
septoria_170.png,wheat_septoria,wheat_septoria,0.7646,1,22.0,diseased
septoria_238.png,wheat_septoria,wheat_septoria,0.956,1,20.7,diseased
septoria_241.png,wheat_septoria,wheat_septoria,0.9874,1,19.3,diseased
septoria_25.png,wheat_septoria,wheat_septoria,0.9998,1,19.0,diseased
septoria_257.png,wheat_septoria,wheat_septoria,0.9818,1,19.7,diseased
septoria_262.png,wheat_septoria,wheat_septoria,0.9815,1,21.1,diseased
septoria_346.png,wheat_septoria,wheat_septoria,0.499,1,47.9,diseased
septoria_351.png,wheat_septoria,wheat_septoria,0.981,1,20.6,diseased
septoria_4.png,wheat_septoria,wheat_septoria,0.96,1,18.4,diseased
septoria_405.png,wheat_septoria,wheat_septoria,0.654,1,20.5,diseased
septoria_442.png,wheat_septoria,wheat_septoria,0.8723,1,22.6,diseased
septoria_460.png,wheat_septoria,wheat_septoria,0.6683,1,20.2,diseased
septoria_467.png,wheat_septoria,wheat_septoria,0.9816,1,19.4,diseased
septoria_485.png,wheat_septoria,wheat_septoria,0.6752,1,21.2,diseased
septoria_534.png,wheat_septoria,wheat_septoria,0.9879,1,20.1,diseased
septoria_539.png,wheat_septoria,wheat_septoria,0.8676,1,17.0,diseased
septoria_572.png,wheat_septoria,wheat_septoria,0.9989,1,17.8,diseased
septoria_592.png,wheat_septoria,wheat_leaf_blight,0.5978,0,19.9,diseased
septoria_667.png,wheat_septoria,wheat_septoria,0.499,1,19.6,diseased
septoria_688.png,wheat_septoria,wheat_septoria,0.8074,1,17.4,diseased
septoria_70.png,wheat_septoria,wheat_tan_spot,0.656,0,20.1,diseased
septoria_700.png,wheat_septoria,wheat_septoria,0.654,1,22.5,diseased
septoria_705.png,wheat_septoria,wheat_septoria,0.9988,1,19.2,diseased
septoria_711.png,wheat_septoria,wheat_septoria,0.9639,1,16.7,diseased
septoria_72.png,wheat_septoria,wheat_septoria,0.8117,1,16.6,diseased
septoria_724.png,wheat_septoria,wheat_septoria,0.9767,1,17.6,diseased
septoria_733.png,wheat_septoria,wheat_septoria,0.8681,1,20.9,diseased
septoria_755.png,wheat_septoria,wheat_septoria,0.9955,1,19.4,diseased
septoria_756.png,wheat_septoria,wheat_septoria,0.8859,1,18.0,diseased
septoria_760.png,wheat_septoria,wheat_septoria,0.994,1,18.4,diseased
septoria_798.png,wheat_septoria,wheat_septoria,0.9973,1,19.3,diseased
septoria_799.png,wheat_septoria,wheat_septoria,0.9609,1,18.1,diseased
septoria_804.png,wheat_septoria,wheat_septoria,0.988,1,15.5,diseased
septoria_809.png,wheat_septoria,wheat_leaf_blight,0.9189,0,17.1,diseased
septoria_891.png,wheat_septoria,wheat_septoria,0.5599,1,18.2,diseased
septoria_902.png,wheat_septoria,wheat_leaf_blight,0.6853,0,17.1,diseased
septoria_916.png,wheat_septoria,wheat_leaf_blight,0.7116,0,18.1,diseased
septoria_929.png,wheat_septoria,wheat_septoria,0.9334,1,18.0,diseased
septoria_938.png,wheat_septoria,wheat_septoria,0.9494,1,19.6,diseased
septoria_954.png,wheat_septoria,wheat_septoria,0.6752,1,16.0,diseased
septoria_979.png,wheat_septoria,wheat_leaf_blight,0.7627,0,16.0,diseased
smut_10.png,wheat_smut,wheat_smut,0.9997,1,15.7,diseased
smut_1023.png,wheat_smut,wheat_smut,1.0,1,15.1,diseased
smut_1029.png,wheat_smut,wheat_brown_rust,0.6994,0,18.6,diseased
smut_104.png,wheat_smut,wheat_leaf_blight,0.6687,0,13.5,diseased
smut_1107.png,wheat_smut,wheat_brown_rust,0.4115,0,15.0,diseased
smut_1150.png,wheat_smut,wheat_smut,1.0,1,19.8,diseased
smut_1159.png,wheat_smut,wheat_smut,0.9277,1,19.0,diseased
smut_1166.png,wheat_smut,wheat_smut,1.0,1,20.8,diseased
smut_1170.png,wheat_smut,wheat_smut,0.5612,1,15.8,diseased
smut_1202.png,wheat_smut,wheat_powdery_mildew,0.394,0,18.2,diseased
smut_1233.png,wheat_smut,wheat_smut,1.0,1,18.8,diseased
smut_1294.png,wheat_smut,wheat_tan_spot,0.4442,0,18.8,diseased
smut_180.png,wheat_smut,wheat_smut,1.0,1,16.7,diseased
smut_182.png,wheat_smut,wheat_smut,1.0,1,17.6,diseased
smut_217.png,wheat_smut,wheat_blast,0.3892,0,14.3,diseased
smut_235.png,wheat_smut,wheat_smut,1.0,1,17.5,diseased
smut_241.png,wheat_smut,wheat_smut,0.9999,1,14.4,diseased
smut_28.png,wheat_smut,wheat_smut,0.8944,1,14.5,diseased
smut_307.png,wheat_smut,wheat_smut,1.0,1,19.7,diseased
smut_335.png,wheat_smut,wheat_smut,1.0,1,18.9,diseased
smut_354.png,wheat_smut,wheat_smut,1.0,1,17.8,diseased
smut_359.png,wheat_smut,wheat_smut,1.0,1,19.6,diseased
smut_363.png,wheat_smut,wheat_smut,1.0,1,17.4,diseased
smut_369.png,wheat_smut,wheat_smut,1.0,1,18.7,diseased
smut_401.png,wheat_smut,wheat_smut,1.0,1,17.4,diseased
smut_402.png,wheat_smut,wheat_root_rot,0.4512,0,19.4,diseased
smut_412.png,wheat_smut,wheat_smut,1.0,1,17.0,diseased
smut_626.png,wheat_smut,wheat_leaf_blight,0.6424,0,15.1,diseased
smut_650.png,wheat_smut,wheat_smut,0.9998,1,18.3,diseased
smut_652.png,wheat_smut,wheat_smut,0.9977,1,16.1,diseased
smut_680.png,wheat_smut,wheat_smut,0.9731,1,16.1,diseased
smut_684.png,wheat_smut,wheat_smut,1.0,1,14.1,diseased
smut_702.png,wheat_smut,wheat_fusarium_head_blight,0.6599,0,13.6,diseased
smut_709.png,wheat_smut,wheat_blast,0.5053,0,17.6,diseased
smut_750.png,wheat_smut,wheat_smut,1.0,1,18.1,diseased
smut_792.png,wheat_smut,wheat_smut,1.0,1,18.4,diseased
smut_837.png,wheat_smut,wheat_smut,1.0,1,14.7,diseased
smut_847.png,wheat_smut,wheat_smut,1.0,1,16.7,diseased
smut_866.png,wheat_smut,wheat_smut,0.9011,1,15.8,diseased
smut_877.png,wheat_smut,wheat_leaf_blight,0.3119,0,15.2,diseased
smut_902.png,wheat_smut,wheat_smut,0.8944,1,18.2,diseased
smut_95.png,wheat_smut,wheat_smut,1.0,1,17.7,diseased
smut_96.png,wheat_smut,wheat_smut,1.0,1,17.6,diseased
smut_965.png,wheat_smut,wheat_smut,0.9999,1,17.7,diseased
smut_972.png,wheat_smut,wheat_smut,1.0,1,18.3,diseased
stem_fly_1.png,wheat_stem_fly,wheat_brown_rust,0.6155,0,16.9,diseased
stem_fly_10.png,wheat_stem_fly,wheat_stem_fly,0.7328,1,17.0,diseased
stem_fly_114.png,wheat_stem_fly,wheat_stem_fly,0.7639,1,21.7,diseased
stem_fly_118.png,wheat_stem_fly,wheat_stem_fly,0.9672,1,21.3,diseased
stem_fly_12.png,wheat_stem_fly,wheat_stem_fly,0.6101,1,17.7,diseased
stem_fly_121.png,wheat_stem_fly,wheat_smut,0.9507,0,18.5,diseased
stem_fly_124.png,wheat_stem_fly,wheat_stem_fly,0.8667,1,18.4,diseased
stem_fly_13.png,wheat_stem_fly,wheat_stem_fly,0.977,1,33.4,diseased
stem_fly_134.png,wheat_stem_fly,wheat_stem_fly,0.9471,1,15.8,diseased
stem_fly_135.png,wheat_stem_fly,wheat_stem_fly,0.8366,1,15.6,diseased
stem_fly_136.png,wheat_stem_fly,wheat_stem_fly,0.973,1,17.5,diseased
stem_fly_163.png,wheat_stem_fly,wheat_stem_fly,0.9872,1,21.0,diseased
stem_fly_170.png,wheat_stem_fly,wheat_stem_fly,0.9854,1,18.4,diseased
stem_fly_184.png,wheat_stem_fly,wheat_powdery_mildew,0.9806,0,23.3,diseased
stem_fly_186.png,wheat_stem_fly,wheat_root_rot,0.9543,0,19.1,diseased
stem_fly_190.png,wheat_stem_fly,wheat_stem_fly,0.9833,1,20.1,diseased
stem_fly_2.png,wheat_stem_fly,wheat_stem_fly,0.9925,1,17.0,diseased
stem_fly_201.png,wheat_stem_fly,wheat_stem_fly,0.6565,1,19.7,diseased
stem_fly_208.png,wheat_stem_fly,wheat_stem_fly,0.9952,1,19.2,diseased
stem_fly_21.png,wheat_stem_fly,wheat_stem_fly,0.9343,1,18.3,diseased
stem_fly_219.png,wheat_stem_fly,wheat_stem_fly,0.5456,1,18.9,diseased
stem_fly_225.png,wheat_stem_fly,wheat_stem_fly,0.9842,1,19.1,diseased
stem_fly_227.png,wheat_stem_fly,wheat_brown_rust,0.4571,0,17.0,diseased
stem_fly_230.png,wheat_stem_fly,wheat_stem_fly,0.9872,1,18.0,diseased
stem_fly_46.png,wheat_stem_fly,wheat_stem_fly,0.4009,1,18.7,diseased
stem_fly_48.png,wheat_stem_fly,wheat_stem_fly,0.989,1,21.7,diseased
stem_fly_49.png,wheat_stem_fly,wheat_stem_fly,0.9523,1,18.4,diseased
stem_fly_60.png,wheat_stem_fly,wheat_stem_fly,0.6101,1,17.8,diseased
stem_fly_62.png,wheat_stem_fly,wheat_stem_fly,0.9796,1,17.7,diseased
stem_fly_63.png,wheat_stem_fly,wheat_stem_fly,0.473,1,17.0,diseased
stem_fly_70.png,wheat_stem_fly,wheat_stem_fly,0.6283,1,19.4,diseased
stem_fly_83.png,wheat_stem_fly,wheat_tan_spot,0.3719,0,17.8,diseased
stem_fly_84.png,wheat_stem_fly,wheat_stem_fly,0.8388,1,17.8,diseased
stem_fly_87.png,wheat_stem_fly,wheat_stem_fly,0.9763,1,21.6,diseased
stem_fly_89.png,wheat_stem_fly,wheat_stem_fly,0.9997,1,17.1,diseased
tan_spot_112.png,wheat_tan_spot,wheat_tan_spot,0.9385,1,20.1,diseased
tan_spot_119.png,wheat_tan_spot,wheat_leaf_blight,0.8976,0,18.5,diseased
tan_spot_132.png,wheat_tan_spot,wheat_tan_spot,0.934,1,17.0,diseased
tan_spot_14.png,wheat_tan_spot,wheat_tan_spot,0.9945,1,18.2,diseased
tan_spot_146.png,wheat_tan_spot,wheat_tan_spot,0.6922,1,19.0,diseased
tan_spot_176.png,wheat_tan_spot,wheat_root_rot,0.4732,0,17.6,diseased
tan_spot_213.png,wheat_tan_spot,wheat_tan_spot,0.6539,1,19.0,diseased
tan_spot_289.png,wheat_tan_spot,wheat_leaf_blight,0.4953,0,19.9,diseased
tan_spot_300.png,wheat_tan_spot,wheat_leaf_blight,0.6283,0,19.6,diseased
tan_spot_314.png,wheat_tan_spot,wheat_leaf_blight,0.4817,0,17.5,diseased
tan_spot_318.png,wheat_tan_spot,wheat_aphid,0.5839,0,16.5,diseased
tan_spot_319.png,wheat_tan_spot,wheat_aphid,0.4325,0,17.3,diseased
tan_spot_324.png,wheat_tan_spot,wheat_leaf_blight,0.6413,0,17.2,diseased
tan_spot_332.png,wheat_tan_spot,wheat_black_rust,0.8132,0,18.5,diseased
tan_spot_345.png,wheat_tan_spot,wheat_brown_rust,0.3987,0,18.9,diseased
tan_spot_366.png,wheat_tan_spot,wheat_tan_spot,0.9641,1,17.8,diseased
tan_spot_368.png,wheat_tan_spot,wheat_tan_spot,0.6456,1,16.8,diseased
tan_spot_392.png,wheat_tan_spot,wheat_leaf_blight,0.788,0,19.5,diseased
tan_spot_394.png,wheat_tan_spot,wheat_leaf_blight,0.7093,0,18.3,diseased
tan_spot_399.png,wheat_tan_spot,wheat_blast,0.6225,0,19.7,diseased
tan_spot_402.png,wheat_tan_spot,wheat_black_rust,0.3648,0,19.7,diseased
tan_spot_410.png,wheat_tan_spot,wheat_leaf_blight,0.3652,0,18.7,diseased
tan_spot_419.png,wheat_tan_spot,wheat_leaf_blight,0.7927,0,19.1,diseased
tan_spot_423.png,wheat_tan_spot,wheat_leaf_blight,0.7026,0,32.8,diseased
tan_spot_438.png,wheat_tan_spot,wheat_leaf_blight,0.6712,0,30.9,diseased
tan_spot_456.png,wheat_tan_spot,wheat_tan_spot,0.4853,1,19.2,diseased
tan_spot_516.png,wheat_tan_spot,wheat_tan_spot,0.6717,1,29.4,diseased
tan_spot_524.png,wheat_tan_spot,wheat_black_rust,0.5213,0,18.8,diseased
tan_spot_546.png,wheat_tan_spot,wheat_leaf_blight,0.6319,0,20.9,diseased
tan_spot_557.png,wheat_tan_spot,wheat_tan_spot,0.8254,1,18.2,diseased
tan_spot_568.png,wheat_tan_spot,wheat_tan_spot,0.7378,1,18.3,diseased
tan_spot_585.png,wheat_tan_spot,wheat_tan_spot,0.3752,1,28.2,diseased
tan_spot_598.png,wheat_tan_spot,healthy_wheat,0.4814,0,30.8,diseased
tan_spot_613.png,wheat_tan_spot,wheat_tan_spot,0.7164,1,28.1,diseased
tan_spot_634.png,wheat_tan_spot,wheat_leaf_blight,0.7192,0,19.9,diseased
tan_spot_646.png,wheat_tan_spot,wheat_tan_spot,0.9395,1,19.5,diseased
tan_spot_648.png,wheat_tan_spot,wheat_tan_spot,0.9848,1,17.7,diseased
tan_spot_670.png,wheat_tan_spot,wheat_tan_spot,0.8989,1,18.0,diseased
tan_spot_673.png,wheat_tan_spot,wheat_tan_spot,0.3893,1,18.0,diseased
tan_spot_721.png,wheat_tan_spot,wheat_leaf_blight,0.8503,0,19.5,diseased
tan_spot_73.png,wheat_tan_spot,wheat_tan_spot,0.7536,1,17.6,diseased
tan_spot_732.png,wheat_tan_spot,wheat_root_rot,0.936,0,20.2,diseased
tan_spot_736.png,wheat_tan_spot,wheat_tan_spot,0.9821,1,19.7,diseased
tan_spot_80.png,wheat_tan_spot,wheat_tan_spot,0.4032,1,17.3,diseased
tan_spot_87.png,wheat_tan_spot,wheat_tan_spot,0.4727,1,19.3,diseased
yellow_rust_1006.png,wheat_yellow_rust,wheat_yellow_rust,1.0,1,19.6,diseased
yellow_rust_1027.png,wheat_yellow_rust,wheat_yellow_rust,1.0,1,17.4,diseased
yellow_rust_103.png,wheat_yellow_rust,wheat_yellow_rust,1.0,1,19.6,diseased
yellow_rust_1054.png,wheat_yellow_rust,wheat_yellow_rust,1.0,1,17.8,diseased
yellow_rust_1095.png,wheat_yellow_rust,wheat_yellow_rust,1.0,1,17.5,diseased
yellow_rust_1125.png,wheat_yellow_rust,wheat_yellow_rust,0.9338,1,19.6,diseased
yellow_rust_1189.png,wheat_yellow_rust,wheat_yellow_rust,0.9998,1,28.6,diseased
yellow_rust_121.png,wheat_yellow_rust,wheat_yellow_rust,1.0,1,18.0,diseased
yellow_rust_1214.png,wheat_yellow_rust,wheat_yellow_rust,1.0,1,28.9,diseased
yellow_rust_1218.png,wheat_yellow_rust,wheat_yellow_rust,1.0,1,20.1,diseased
yellow_rust_1223.png,wheat_yellow_rust,wheat_yellow_rust,1.0,1,33.1,diseased
yellow_rust_126.png,wheat_yellow_rust,wheat_yellow_rust,0.9998,1,17.3,diseased
yellow_rust_1260.png,wheat_yellow_rust,wheat_yellow_rust,0.9613,1,20.5,diseased
yellow_rust_1278.png,wheat_yellow_rust,wheat_yellow_rust,1.0,1,20.7,diseased
yellow_rust_1297.png,wheat_yellow_rust,wheat_yellow_rust,1.0,1,22.7,diseased
yellow_rust_155.png,wheat_yellow_rust,wheat_yellow_rust,1.0,1,21.4,diseased
yellow_rust_176.png,wheat_yellow_rust,wheat_yellow_rust,1.0,1,17.4,diseased
yellow_rust_201.png,wheat_yellow_rust,wheat_yellow_rust,1.0,1,19.2,diseased
yellow_rust_271.png,wheat_yellow_rust,wheat_yellow_rust,1.0,1,18.7,diseased
yellow_rust_304.png,wheat_yellow_rust,healthy_wheat,0.9007,0,19.1,diseased
yellow_rust_32.png,wheat_yellow_rust,wheat_yellow_rust,0.9999,1,21.7,diseased
yellow_rust_342.png,wheat_yellow_rust,healthy_wheat,0.1832,0,17.3,diseased
yellow_rust_363.png,wheat_yellow_rust,wheat_yellow_rust,0.4997,1,20.7,diseased
yellow_rust_369.png,wheat_yellow_rust,wheat_yellow_rust,1.0,1,17.7,diseased
yellow_rust_381.png,wheat_yellow_rust,healthy_wheat,0.2887,0,17.6,diseased
yellow_rust_437.png,wheat_yellow_rust,wheat_yellow_rust,0.3626,1,19.1,diseased
yellow_rust_475.png,wheat_yellow_rust,wheat_yellow_rust,0.924,1,17.3,diseased
yellow_rust_523.png,wheat_yellow_rust,wheat_yellow_rust,1.0,1,15.2,diseased
yellow_rust_525.png,wheat_yellow_rust,wheat_yellow_rust,1.0,1,18.2,diseased
yellow_rust_53.png,wheat_yellow_rust,wheat_yellow_rust,0.9999,1,19.5,diseased
yellow_rust_549.png,wheat_yellow_rust,wheat_yellow_rust,1.0,1,19.3,diseased
yellow_rust_561.png,wheat_yellow_rust,wheat_yellow_rust,1.0,1,21.3,diseased
yellow_rust_676.png,wheat_yellow_rust,wheat_yellow_rust,1.0,1,15.7,diseased
yellow_rust_690.png,wheat_yellow_rust,wheat_yellow_rust,0.9998,1,17.5,diseased
yellow_rust_717.png,wheat_yellow_rust,wheat_yellow_rust,1.0,1,18.7,diseased
yellow_rust_748.png,wheat_yellow_rust,wheat_yellow_rust,1.0,1,20.6,diseased
yellow_rust_754.png,wheat_yellow_rust,wheat_yellow_rust,1.0,1,20.5,diseased
yellow_rust_873.png,wheat_yellow_rust,wheat_yellow_rust,1.0,1,17.4,diseased
yellow_rust_879.png,wheat_yellow_rust,wheat_yellow_rust,0.9998,1,18.2,diseased
yellow_rust_898.png,wheat_yellow_rust,wheat_yellow_rust,1.0,1,77.9,diseased
yellow_rust_900.png,wheat_yellow_rust,wheat_yellow_rust,1.0,1,21.0,diseased
yellow_rust_903.png,wheat_yellow_rust,wheat_yellow_rust,0.9999,1,16.7,diseased
yellow_rust_949.png,wheat_yellow_rust,wheat_yellow_rust,1.0,1,18.1,diseased
yellow_rust_950.png,wheat_yellow_rust,wheat_yellow_rust,1.0,1,18.6,diseased
yellow_rust_963.png,wheat_yellow_rust,wheat_yellow_rust,1.0,1,30.1,diseased
