image_path,ground_truth,predicted,confidence,correct
evaluate\noisy_dataset\healthy_rice\aug_0_101.jpg,healthy_rice,wheat_brown_rust,0.3709,0
evaluate\noisy_dataset\healthy_rice\aug_0_1149.jpg,healthy_rice,wheat_powdery_mildew,0.2423,0
evaluate\noisy_dataset\healthy_rice\aug_0_1238.jpg,healthy_rice,wheat_mite,0.4043,0
evaluate\noisy_dataset\healthy_rice\aug_0_1620.jpg,healthy_rice,wheat_mite,0.8747,0
evaluate\noisy_dataset\healthy_rice\aug_0_1622.jpg,healthy_rice,wheat_brown_rust,0.6606,0
evaluate\noisy_dataset\healthy_rice\aug_0_1679.jpg,healthy_rice,wheat_tan_spot,0.6563,0
evaluate\noisy_dataset\healthy_rice\aug_0_1701.jpg,healthy_rice,wheat_tan_spot,0.3426,0
evaluate\noisy_dataset\healthy_rice\aug_0_1794.jpg,healthy_rice,wheat_mite,0.3526,0
evaluate\noisy_dataset\healthy_rice\aug_0_1868.jpg,healthy_rice,wheat_tan_spot,0.8682,0
evaluate\noisy_dataset\healthy_rice\aug_0_1897.jpg,healthy_rice,wheat_powdery_mildew,0.5655,0
evaluate\noisy_dataset\healthy_rice\aug_0_1898.jpg,healthy_rice,wheat_brown_rust,0.3339,0
evaluate\noisy_dataset\healthy_rice\aug_0_1993.jpg,healthy_rice,wheat_powdery_mildew,0.4668,0
evaluate\noisy_dataset\healthy_rice\aug_0_22.jpg,healthy_rice,wheat_mite,0.4943,0
evaluate\noisy_dataset\healthy_rice\aug_0_228.jpg,healthy_rice,wheat_brown_rust,0.5406,0
evaluate\noisy_dataset\healthy_rice\aug_0_249.jpg,healthy_rice,wheat_brown_rust,0.8479,0
evaluate\noisy_dataset\healthy_rice\aug_0_50.jpg,healthy_rice,wheat_tan_spot,0.5008,0
evaluate\noisy_dataset\healthy_rice\aug_0_7183.jpg,healthy_rice,wheat_tan_spot,0.4968,0
evaluate\noisy_dataset\healthy_rice\aug_0_7365.jpg,healthy_rice,wheat_brown_rust,0.6522,0
evaluate\noisy_dataset\healthy_rice\aug_0_7419.jpg,healthy_rice,wheat_brown_rust,0.7927,0
evaluate\noisy_dataset\healthy_rice\aug_0_7889.jpg,healthy_rice,wheat_tan_spot,0.7328,0
evaluate\noisy_dataset\healthy_rice\aug_0_7909.jpg,healthy_rice,wheat_brown_rust,0.5528,0
evaluate\noisy_dataset\healthy_rice\aug_0_7938.jpg,healthy_rice,wheat_powdery_mildew,0.4594,0
evaluate\noisy_dataset\healthy_rice\aug_0_8162.jpg,healthy_rice,wheat_tan_spot,0.3065,0
evaluate\noisy_dataset\healthy_rice\aug_0_8267.jpg,healthy_rice,wheat_tan_spot,0.4986,0
evaluate\noisy_dataset\healthy_rice\aug_0_8462.jpg,healthy_rice,wheat_powdery_mildew,0.7182,0
evaluate\noisy_dataset\healthy_rice\aug_0_8557.jpg,healthy_rice,wheat_tan_spot,0.8203,0
evaluate\noisy_dataset\healthy_rice\aug_0_8836.jpg,healthy_rice,wheat_powdery_mildew,0.5685,0
evaluate\noisy_dataset\healthy_rice\aug_0_8951.jpg,healthy_rice,wheat_brown_rust,0.4079,0
evaluate\noisy_dataset\healthy_rice\aug_0_9221.jpg,healthy_rice,wheat_brown_rust,0.9333,0
evaluate\noisy_dataset\healthy_rice\aug_0_9563.jpg,healthy_rice,wheat_tan_spot,0.4407,0
evaluate\noisy_dataset\healthy_rice\aug_0_9854.jpg,healthy_rice,wheat_tan_spot,0.5035,0
evaluate\noisy_dataset\healthy_rice\aug_0_9906.jpg,healthy_rice,wheat_tan_spot,0.4559,0
evaluate\noisy_dataset\healthy_rice\Healthy_rice_leaf (105).jpg,healthy_rice,wheat_brown_rust,0.5773,0
evaluate\noisy_dataset\healthy_rice\Healthy_rice_leaf (122).jpg,healthy_rice,wheat_brown_rust,0.7807,0
evaluate\noisy_dataset\healthy_rice\Healthy_rice_leaf (128).jpg,healthy_rice,wheat_brown_rust,0.7309,0
evaluate\noisy_dataset\healthy_rice\Healthy_rice_leaf (148).jpg,healthy_rice,wheat_powdery_mildew,0.5558,0
evaluate\noisy_dataset\healthy_rice\Healthy_rice_leaf (155).jpg,healthy_rice,wheat_mite,0.6033,0
evaluate\noisy_dataset\healthy_rice\Healthy_rice_leaf (157).jpg,healthy_rice,wheat_powdery_mildew,0.6875,0
evaluate\noisy_dataset\healthy_rice\Healthy_rice_leaf (33).jpg,healthy_rice,wheat_brown_rust,0.5768,0
evaluate\noisy_dataset\healthy_rice\Healthy_rice_leaf (39).jpg,healthy_rice,wheat_brown_rust,0.6331,0
evaluate\noisy_dataset\healthy_rice\Healthy_rice_leaf (46).jpg,healthy_rice,wheat_powdery_mildew,0.6643,0
evaluate\noisy_dataset\healthy_rice\Healthy_rice_leaf (47).jpg,healthy_rice,wheat_brown_rust,0.7389,0
evaluate\noisy_dataset\healthy_rice\Healthy_rice_leaf (49).jpg,healthy_rice,wheat_powdery_mildew,0.83,0
evaluate\noisy_dataset\healthy_rice\Healthy_rice_leaf (63).jpg,healthy_rice,wheat_brown_rust,0.3267,0
evaluate\noisy_dataset\healthy_rice\Healthy_rice_leaf (95).jpg,healthy_rice,wheat_powdery_mildew,0.4919,0
evaluate\noisy_dataset\healthy_wheat\healthy_100.png,healthy_wheat,wheat_powdery_mildew,0.4642,0
evaluate\noisy_dataset\healthy_wheat\healthy_103.png,healthy_wheat,wheat_mite,0.4053,0
evaluate\noisy_dataset\healthy_wheat\healthy_130.png,healthy_wheat,wheat_brown_rust,0.4618,0
evaluate\noisy_dataset\healthy_wheat\healthy_157.png,healthy_wheat,wheat_powdery_mildew,0.4249,0
evaluate\noisy_dataset\healthy_wheat\healthy_283.png,healthy_wheat,wheat_powdery_mildew,0.4224,0
evaluate\noisy_dataset\healthy_wheat\healthy_315.png,healthy_wheat,wheat_smut,0.4839,0
evaluate\noisy_dataset\healthy_wheat\healthy_316.png,healthy_wheat,wheat_powdery_mildew,0.3598,0
evaluate\noisy_dataset\healthy_wheat\healthy_34.png,healthy_wheat,wheat_powdery_mildew,0.604,0
evaluate\noisy_dataset\healthy_wheat\healthy_374.png,healthy_wheat,wheat_powdery_mildew,0.6093,0
evaluate\noisy_dataset\healthy_wheat\healthy_382.png,healthy_wheat,wheat_powdery_mildew,0.453,0
evaluate\noisy_dataset\healthy_wheat\healthy_407.png,healthy_wheat,wheat_powdery_mildew,0.3631,0
evaluate\noisy_dataset\healthy_wheat\healthy_424.png,healthy_wheat,wheat_mite,0.5694,0
evaluate\noisy_dataset\healthy_wheat\healthy_445.png,healthy_wheat,wheat_brown_rust,0.5035,0
evaluate\noisy_dataset\healthy_wheat\healthy_45.png,healthy_wheat,wheat_brown_rust,0.8661,0
evaluate\noisy_dataset\healthy_wheat\healthy_466.png,healthy_wheat,wheat_brown_rust,0.2796,0
evaluate\noisy_dataset\healthy_wheat\healthy_469.png,healthy_wheat,healthy_wheat,0.5221,1
evaluate\noisy_dataset\healthy_wheat\healthy_476.png,healthy_wheat,wheat_brown_rust,0.5544,0
evaluate\noisy_dataset\healthy_wheat\healthy_496.png,healthy_wheat,wheat_powdery_mildew,0.9045,0
evaluate\noisy_dataset\healthy_wheat\healthy_511.png,healthy_wheat,wheat_brown_rust,0.9739,0
evaluate\noisy_dataset\healthy_wheat\healthy_514.png,healthy_wheat,healthy_wheat,0.9984,1
evaluate\noisy_dataset\healthy_wheat\healthy_563.png,healthy_wheat,wheat_smut,0.5826,0
evaluate\noisy_dataset\healthy_wheat\healthy_571.png,healthy_wheat,wheat_powdery_mildew,0.5519,0
evaluate\noisy_dataset\healthy_wheat\healthy_573.png,healthy_wheat,wheat_brown_rust,0.5851,0
evaluate\noisy_dataset\healthy_wheat\healthy_574.png,healthy_wheat,wheat_brown_rust,0.4984,0
evaluate\noisy_dataset\healthy_wheat\healthy_601.png,healthy_wheat,wheat_brown_rust,0.1385,0
evaluate\noisy_dataset\healthy_wheat\healthy_621.png,healthy_wheat,healthy_wheat,0.8509,1
evaluate\noisy_dataset\healthy_wheat\healthy_626.png,healthy_wheat,wheat_brown_rust,0.3906,0
evaluate\noisy_dataset\healthy_wheat\healthy_630.png,healthy_wheat,wheat_powdery_mildew,0.4537,0
evaluate\noisy_dataset\healthy_wheat\healthy_67.png,healthy_wheat,healthy_wheat,0.8201,1
evaluate\noisy_dataset\healthy_wheat\healthy_673.png,healthy_wheat,wheat_mite,0.7949,0
evaluate\noisy_dataset\healthy_wheat\healthy_702.png,healthy_wheat,wheat_brown_rust,0.5021,0
evaluate\noisy_dataset\healthy_wheat\healthy_757.png,healthy_wheat,wheat_brown_rust,0.8155,0
evaluate\noisy_dataset\healthy_wheat\healthy_781.png,healthy_wheat,wheat_brown_rust,0.9793,0
evaluate\noisy_dataset\healthy_wheat\healthy_785.png,healthy_wheat,wheat_brown_rust,0.9623,0
evaluate\noisy_dataset\healthy_wheat\healthy_787.png,healthy_wheat,wheat_brown_rust,0.9115,0
evaluate\noisy_dataset\healthy_wheat\healthy_814.png,healthy_wheat,wheat_brown_rust,0.8237,0
evaluate\noisy_dataset\healthy_wheat\healthy_816.png,healthy_wheat,wheat_mite,0.8878,0
evaluate\noisy_dataset\healthy_wheat\healthy_829.png,healthy_wheat,wheat_tan_spot,0.6234,0
evaluate\noisy_dataset\healthy_wheat\healthy_837.png,healthy_wheat,wheat_brown_rust,0.7784,0
evaluate\noisy_dataset\healthy_wheat\healthy_884.png,healthy_wheat,wheat_black_rust,0.2684,0
evaluate\noisy_dataset\healthy_wheat\healthy_889.png,healthy_wheat,wheat_blast,0.3081,0
evaluate\noisy_dataset\healthy_wheat\healthy_897.png,healthy_wheat,wheat_brown_rust,0.4849,0
evaluate\noisy_dataset\healthy_wheat\healthy_924.png,healthy_wheat,wheat_powdery_mildew,0.6966,0
evaluate\noisy_dataset\healthy_wheat\healthy_929.png,healthy_wheat,wheat_powdery_mildew,0.9538,0
evaluate\noisy_dataset\healthy_wheat\healthy_950.png,healthy_wheat,wheat_mite,0.3679,0
evaluate\noisy_dataset\rice_bacterial_blight\aug_0_1006.jpg,rice_bacterial_blight,wheat_brown_rust,0.4244,0
evaluate\noisy_dataset\rice_bacterial_blight\aug_0_1156.jpg,rice_bacterial_blight,wheat_aphid,0.5044,0
evaluate\noisy_dataset\rice_bacterial_blight\aug_0_116.jpg,rice_bacterial_blight,wheat_brown_rust,0.7326,0
evaluate\noisy_dataset\rice_bacterial_blight\aug_0_129.jpg,rice_bacterial_blight,wheat_brown_rust,0.6914,0
evaluate\noisy_dataset\rice_bacterial_blight\aug_0_136.jpg,rice_bacterial_blight,wheat_brown_rust,0.8554,0
evaluate\noisy_dataset\rice_bacterial_blight\aug_0_1490.jpg,rice_bacterial_blight,wheat_brown_rust,0.983,0
evaluate\noisy_dataset\rice_bacterial_blight\aug_0_1889.jpg,rice_bacterial_blight,wheat_brown_rust,0.8804,0
evaluate\noisy_dataset\rice_bacterial_blight\aug_0_1964.jpg,rice_bacterial_blight,wheat_brown_rust,0.499,0
evaluate\noisy_dataset\rice_bacterial_blight\aug_0_213.jpg,rice_bacterial_blight,wheat_brown_rust,0.947,0
evaluate\noisy_dataset\rice_bacterial_blight\aug_0_243.jpg,rice_bacterial_blight,wheat_brown_rust,0.9601,0
evaluate\noisy_dataset\rice_bacterial_blight\aug_0_3146.jpg,rice_bacterial_blight,wheat_powdery_mildew,0.3349,0
evaluate\noisy_dataset\rice_bacterial_blight\aug_0_3186.jpg,rice_bacterial_blight,wheat_brown_rust,0.754,0
evaluate\noisy_dataset\rice_bacterial_blight\aug_0_3498.jpg,rice_bacterial_blight,wheat_powdery_mildew,0.5453,0
evaluate\noisy_dataset\rice_bacterial_blight\aug_0_3731.jpg,rice_bacterial_blight,wheat_powdery_mildew,0.6774,0
evaluate\noisy_dataset\rice_bacterial_blight\aug_0_3844.jpg,rice_bacterial_blight,wheat_powdery_mildew,0.5628,0
evaluate\noisy_dataset\rice_bacterial_blight\aug_0_387.jpg,rice_bacterial_blight,wheat_aphid,0.2828,0
evaluate\noisy_dataset\rice_bacterial_blight\aug_0_4183.jpg,rice_bacterial_blight,wheat_brown_rust,0.9592,0
evaluate\noisy_dataset\rice_bacterial_blight\aug_0_4561.jpg,rice_bacterial_blight,wheat_brown_rust,0.7886,0
evaluate\noisy_dataset\rice_bacterial_blight\aug_0_4593.jpg,rice_bacterial_blight,wheat_powdery_mildew,0.9332,0
evaluate\noisy_dataset\rice_bacterial_blight\aug_0_4702.jpg,rice_bacterial_blight,wheat_brown_rust,0.4785,0
evaluate\noisy_dataset\rice_bacterial_blight\aug_0_4833.jpg,rice_bacterial_blight,wheat_brown_rust,0.4811,0
evaluate\noisy_dataset\rice_bacterial_blight\aug_0_5195.jpg,rice_bacterial_blight,wheat_brown_rust,0.6771,0
evaluate\noisy_dataset\rice_bacterial_blight\aug_0_5222.jpg,rice_bacterial_blight,wheat_powdery_mildew,0.6648,0
evaluate\noisy_dataset\rice_bacterial_blight\aug_0_539.jpg,rice_bacterial_blight,wheat_brown_rust,0.7102,0
evaluate\noisy_dataset\rice_bacterial_blight\aug_0_5676.jpg,rice_bacterial_blight,wheat_brown_rust,0.5742,0
evaluate\noisy_dataset\rice_bacterial_blight\aug_0_5772.jpg,rice_bacterial_blight,wheat_brown_rust,0.7843,0
evaluate\noisy_dataset\rice_bacterial_blight\aug_0_5803.jpg,rice_bacterial_blight,wheat_brown_rust,0.5014,0
evaluate\noisy_dataset\rice_bacterial_blight\aug_0_59.jpg,rice_bacterial_blight,wheat_brown_rust,0.4416,0
evaluate\noisy_dataset\rice_bacterial_blight\aug_0_5989.jpg,rice_bacterial_blight,wheat_brown_rust,0.5332,0
evaluate\noisy_dataset\rice_bacterial_blight\aug_0_6263.jpg,rice_bacterial_blight,wheat_brown_rust,0.8395,0
evaluate\noisy_dataset\rice_bacterial_blight\aug_0_6355.jpg,rice_bacterial_blight,wheat_brown_rust,0.6362,0
evaluate\noisy_dataset\rice_bacterial_blight\aug_0_6564.jpg,rice_bacterial_blight,wheat_brown_rust,0.525,0
evaluate\noisy_dataset\rice_bacterial_blight\aug_0_682.jpg,rice_bacterial_blight,wheat_brown_rust,0.4881,0
evaluate\noisy_dataset\rice_bacterial_blight\aug_0_716.jpg,rice_bacterial_blight,wheat_tan_spot,0.3774,0
evaluate\noisy_dataset\rice_bacterial_blight\aug_0_833.jpg,rice_bacterial_blight,wheat_brown_rust,0.5333,0
evaluate\noisy_dataset\rice_bacterial_blight\aug_0_864.jpg,rice_bacterial_blight,wheat_brown_rust,0.9622,0
evaluate\noisy_dataset\rice_bacterial_blight\IMG_20231014_172838.jpg,rice_bacterial_blight,wheat_brown_rust,0.9844,0
evaluate\noisy_dataset\rice_bacterial_blight\IMG_20231014_172850.jpg,rice_bacterial_blight,wheat_brown_rust,0.4084,0
evaluate\noisy_dataset\rice_bacterial_blight\IMG_20231014_173137.jpg,rice_bacterial_blight,wheat_brown_rust,0.938,0
evaluate\noisy_dataset\rice_bacterial_blight\IMG_20231014_173253.jpg,rice_bacterial_blight,wheat_powdery_mildew,0.9411,0
evaluate\noisy_dataset\rice_bacterial_blight\IMG_20231014_173548.jpg,rice_bacterial_blight,wheat_brown_rust,0.4969,0
evaluate\noisy_dataset\rice_bacterial_blight\IMG_20231014_173555.jpg,rice_bacterial_blight,wheat_powdery_mildew,0.7202,0
evaluate\noisy_dataset\rice_bacterial_blight\IMG_20231014_173727.jpg,rice_bacterial_blight,wheat_brown_rust,0.711,0
evaluate\noisy_dataset\rice_bacterial_blight\IMG_20231018_143742_1.jpg,rice_bacterial_blight,wheat_powdery_mildew,0.2938,0
evaluate\noisy_dataset\rice_bacterial_blight\IMG_20231018_144111.jpg,rice_bacterial_blight,wheat_brown_rust,0.3942,0
evaluate\noisy_dataset\rice_blast\aug_0_1690.jpg,rice_blast,wheat_powdery_mildew,0.3185,0
evaluate\noisy_dataset\rice_blast\aug_0_222.jpg,rice_blast,wheat_powdery_mildew,0.5067,0
evaluate\noisy_dataset\rice_blast\aug_0_234.jpg,rice_blast,wheat_brown_rust,0.5394,0
evaluate\noisy_dataset\rice_blast\aug_0_244.jpg,rice_blast,wheat_powdery_mildew,0.495,0
evaluate\noisy_dataset\rice_blast\aug_0_252.jpg,rice_blast,wheat_tan_spot,0.8443,0
evaluate\noisy_dataset\rice_blast\aug_0_58.jpg,rice_blast,wheat_brown_rust,0.8763,0
evaluate\noisy_dataset\rice_blast\aug_0_7104.jpg,rice_blast,wheat_brown_rust,0.5505,0
evaluate\noisy_dataset\rice_blast\aug_0_7164.jpg,rice_blast,wheat_brown_rust,0.7025,0
evaluate\noisy_dataset\rice_blast\aug_0_7182.jpg,rice_blast,wheat_powdery_mildew,0.9052,0
evaluate\noisy_dataset\rice_blast\aug_0_7207.jpg,rice_blast,wheat_brown_rust,0.5404,0
evaluate\noisy_dataset\rice_blast\aug_0_7282.jpg,rice_blast,wheat_brown_rust,0.5927,0
evaluate\noisy_dataset\rice_blast\aug_0_7348.jpg,rice_blast,wheat_brown_rust,0.3436,0
evaluate\noisy_dataset\rice_blast\aug_0_7717.jpg,rice_blast,wheat_brown_rust,0.6688,0
evaluate\noisy_dataset\rice_blast\aug_0_7736.jpg,rice_blast,wheat_tan_spot,0.7902,0
evaluate\noisy_dataset\rice_blast\aug_0_7933.jpg,rice_blast,wheat_brown_rust,0.482,0
evaluate\noisy_dataset\rice_blast\aug_0_80.jpg,rice_blast,wheat_brown_rust,0.469,0
evaluate\noisy_dataset\rice_blast\aug_0_8177.jpg,rice_blast,wheat_tan_spot,0.4424,0
evaluate\noisy_dataset\rice_blast\aug_0_8231.jpg,rice_blast,wheat_mite,0.8127,0
evaluate\noisy_dataset\rice_blast\aug_0_8251.jpg,rice_blast,wheat_brown_rust,0.6659,0
evaluate\noisy_dataset\rice_blast\aug_0_8257.jpg,rice_blast,wheat_brown_rust,0.7502,0
evaluate\noisy_dataset\rice_blast\aug_0_8280.jpg,rice_blast,wheat_powdery_mildew,0.5749,0
evaluate\noisy_dataset\rice_blast\aug_0_8323.jpg,rice_blast,wheat_brown_rust,0.5662,0
evaluate\noisy_dataset\rice_blast\aug_0_8424.jpg,rice_blast,wheat_brown_rust,0.8865,0
evaluate\noisy_dataset\rice_blast\aug_0_8506.jpg,rice_blast,wheat_brown_rust,0.7482,0
evaluate\noisy_dataset\rice_blast\aug_0_8853.jpg,rice_blast,wheat_aphid,0.2822,0
evaluate\noisy_dataset\rice_blast\aug_0_8903.jpg,rice_blast,wheat_tan_spot,0.5679,0
evaluate\noisy_dataset\rice_blast\aug_0_8945.jpg,rice_blast,wheat_brown_rust,0.8228,0
evaluate\noisy_dataset\rice_blast\aug_0_9192.jpg,rice_blast,wheat_brown_rust,0.5642,0
evaluate\noisy_dataset\rice_blast\aug_0_9296.jpg,rice_blast,wheat_brown_rust,0.549,0
evaluate\noisy_dataset\rice_blast\aug_0_9338.jpg,rice_blast,wheat_brown_rust,0.7255,0
evaluate\noisy_dataset\rice_blast\aug_0_9418.jpg,rice_blast,wheat_tan_spot,0.5518,0
evaluate\noisy_dataset\rice_blast\aug_0_9443.jpg,rice_blast,wheat_brown_rust,0.5325,0
evaluate\noisy_dataset\rice_blast\aug_0_9768.jpg,rice_blast,wheat_brown_rust,0.5262,0
evaluate\noisy_dataset\rice_blast\aug_0_9787.jpg,rice_blast,wheat_tan_spot,0.7789,0
evaluate\noisy_dataset\rice_blast\aug_0_9811.jpg,rice_blast,wheat_brown_rust,0.8731,0
evaluate\noisy_dataset\rice_blast\aug_0_9847.jpg,rice_blast,wheat_brown_rust,0.4814,0
evaluate\noisy_dataset\rice_blast\aug_0_9862.jpg,rice_blast,wheat_powdery_mildew,0.2812,0
evaluate\noisy_dataset\rice_blast\aug_0_9884.jpg,rice_blast,wheat_powdery_mildew,0.5015,0
evaluate\noisy_dataset\rice_blast\IMG_20231014_171453.jpg,rice_blast,wheat_brown_rust,0.7591,0
evaluate\noisy_dataset\rice_blast\IMG_20231014_171757.jpg,rice_blast,wheat_brown_rust,0.9208,0
evaluate\noisy_dataset\rice_blast\IMG_20231014_171812.jpg,rice_blast,wheat_mite,0.4534,0
evaluate\noisy_dataset\rice_blast\IMG_20231014_172551.jpg,rice_blast,wheat_brown_rust,0.5831,0
evaluate\noisy_dataset\rice_blast\IMG_20231018_143021_1.jpg,rice_blast,wheat_mite,0.3328,0
evaluate\noisy_dataset\rice_blast\IMG_20231018_143153.jpg,rice_blast,wheat_brown_rust,0.6084,0
evaluate\noisy_dataset\rice_blast\IMG_20231018_143753 - Copy.jpg,rice_blast,wheat_brown_rust,0.9401,0
evaluate\noisy_dataset\rice_brown_spot\aug_0_131.jpg,rice_brown_spot,wheat_brown_rust,0.673,0
evaluate\noisy_dataset\rice_brown_spot\aug_0_190.jpg,rice_brown_spot,wheat_powdery_mildew,0.5334,0
evaluate\noisy_dataset\rice_brown_spot\aug_0_232.jpg,rice_brown_spot,wheat_mite,0.2698,0
evaluate\noisy_dataset\rice_brown_spot\aug_0_4725.jpg,rice_brown_spot,wheat_powdery_mildew,0.4391,0
evaluate\noisy_dataset\rice_brown_spot\aug_0_4747.jpg,rice_brown_spot,wheat_mite,0.8529,0
evaluate\noisy_dataset\rice_brown_spot\aug_0_4767.jpg,rice_brown_spot,wheat_tan_spot,0.7093,0
evaluate\noisy_dataset\rice_brown_spot\aug_0_5102.jpg,rice_brown_spot,wheat_brown_rust,0.5231,0
evaluate\noisy_dataset\rice_brown_spot\aug_0_5282.jpg,rice_brown_spot,wheat_tan_spot,0.2979,0
evaluate\noisy_dataset\rice_brown_spot\aug_0_5303.jpg,rice_brown_spot,wheat_powdery_mildew,0.4105,0
evaluate\noisy_dataset\rice_brown_spot\aug_0_5334.jpg,rice_brown_spot,wheat_brown_rust,0.5053,0
evaluate\noisy_dataset\rice_brown_spot\aug_0_5509.jpg,rice_brown_spot,wheat_powdery_mildew,0.8565,0
evaluate\noisy_dataset\rice_brown_spot\aug_0_5549.jpg,rice_brown_spot,wheat_brown_rust,0.9896,0
evaluate\noisy_dataset\rice_brown_spot\aug_0_5551.jpg,rice_brown_spot,wheat_brown_rust,0.3186,0
evaluate\noisy_dataset\rice_brown_spot\aug_0_5561.jpg,rice_brown_spot,wheat_powdery_mildew,0.6161,0
evaluate\noisy_dataset\rice_brown_spot\aug_0_5582.jpg,rice_brown_spot,wheat_brown_rust,0.4851,0
evaluate\noisy_dataset\rice_brown_spot\aug_0_5616.jpg,rice_brown_spot,wheat_brown_rust,0.3772,0
evaluate\noisy_dataset\rice_brown_spot\aug_0_5855.jpg,rice_brown_spot,wheat_brown_rust,0.6028,0
evaluate\noisy_dataset\rice_brown_spot\aug_0_6194.jpg,rice_brown_spot,wheat_brown_rust,0.4949,0
evaluate\noisy_dataset\rice_brown_spot\aug_0_6519.jpg,rice_brown_spot,wheat_brown_rust,0.9178,0
evaluate\noisy_dataset\rice_brown_spot\aug_0_6621.jpg,rice_brown_spot,wheat_brown_rust,0.451,0
evaluate\noisy_dataset\rice_brown_spot\aug_0_6645.jpg,rice_brown_spot,wheat_powdery_mildew,0.3922,0
evaluate\noisy_dataset\rice_brown_spot\aug_0_6807.jpg,rice_brown_spot,wheat_powdery_mildew,0.3484,0
evaluate\noisy_dataset\rice_brown_spot\aug_0_7172.jpg,rice_brown_spot,wheat_aphid,0.5048,0
evaluate\noisy_dataset\rice_brown_spot\aug_0_7243.jpg,rice_brown_spot,wheat_brown_rust,0.6664,0
evaluate\noisy_dataset\rice_brown_spot\aug_0_7388.jpg,rice_brown_spot,wheat_brown_rust,0.6532,0
evaluate\noisy_dataset\rice_brown_spot\aug_0_7389.jpg,rice_brown_spot,wheat_brown_rust,0.3242,0
evaluate\noisy_dataset\rice_brown_spot\aug_0_7424.jpg,rice_brown_spot,wheat_powdery_mildew,0.822,0
evaluate\noisy_dataset\rice_brown_spot\aug_0_7742.jpg,rice_brown_spot,wheat_powdery_mildew,0.657,0
evaluate\noisy_dataset\rice_brown_spot\aug_0_8094.jpg,rice_brown_spot,wheat_powdery_mildew,0.5768,0
evaluate\noisy_dataset\rice_brown_spot\aug_0_8131.jpg,rice_brown_spot,wheat_mite,0.5703,0
evaluate\noisy_dataset\rice_brown_spot\aug_0_8275.jpg,rice_brown_spot,wheat_mite,0.3983,0
evaluate\noisy_dataset\rice_brown_spot\Brown_spot (111).jpg,rice_brown_spot,wheat_brown_rust,0.6309,0
evaluate\noisy_dataset\rice_brown_spot\Brown_spot (115).jpg,rice_brown_spot,wheat_tan_spot,0.5579,0
evaluate\noisy_dataset\rice_brown_spot\Brown_spot (128).jpg,rice_brown_spot,wheat_brown_rust,0.8196,0
evaluate\noisy_dataset\rice_brown_spot\Brown_spot (144).jpg,rice_brown_spot,wheat_brown_rust,0.584,0
evaluate\noisy_dataset\rice_brown_spot\Brown_spot (148).jpg,rice_brown_spot,wheat_brown_rust,0.5364,0
evaluate\noisy_dataset\rice_brown_spot\Brown_spot (152).jpg,rice_brown_spot,wheat_brown_rust,0.7123,0
evaluate\noisy_dataset\rice_brown_spot\Brown_spot (153).jpg,rice_brown_spot,wheat_brown_rust,0.9399,0
evaluate\noisy_dataset\rice_brown_spot\Brown_spot (168).jpg,rice_brown_spot,wheat_brown_rust,0.4168,0
evaluate\noisy_dataset\rice_brown_spot\Brown_spot (207).jpg,rice_brown_spot,wheat_brown_rust,0.6404,0
evaluate\noisy_dataset\rice_brown_spot\Brown_spot (216).jpg,rice_brown_spot,wheat_brown_rust,0.7981,0
evaluate\noisy_dataset\rice_brown_spot\Brown_spot (217).jpg,rice_brown_spot,wheat_tan_spot,0.3361,0
evaluate\noisy_dataset\rice_brown_spot\Brown_spot (220).jpg,rice_brown_spot,wheat_powdery_mildew,0.6971,0
evaluate\noisy_dataset\rice_brown_spot\IMG_20231018_142956_1.jpg,rice_brown_spot,wheat_brown_rust,0.5301,0
evaluate\noisy_dataset\rice_brown_spot\IMG_20231018_144200_1.jpg,rice_brown_spot,wheat_brown_rust,0.6649,0
evaluate\noisy_dataset\rice_leaf_scald\aug_0_1018.jpg,rice_leaf_scald,wheat_mite,0.8004,0
evaluate\noisy_dataset\rice_leaf_scald\aug_0_1342.jpg,rice_leaf_scald,wheat_brown_rust,0.5978,0
evaluate\noisy_dataset\rice_leaf_scald\aug_0_1799.jpg,rice_leaf_scald,wheat_tan_spot,0.4381,0
evaluate\noisy_dataset\rice_leaf_scald\aug_0_2025.jpg,rice_leaf_scald,wheat_mite,0.445,0
evaluate\noisy_dataset\rice_leaf_scald\aug_0_2149.jpg,rice_leaf_scald,wheat_mite,0.4056,0
evaluate\noisy_dataset\rice_leaf_scald\aug_0_2227.jpg,rice_leaf_scald,wheat_tan_spot,0.5234,0
evaluate\noisy_dataset\rice_leaf_scald\aug_0_2266.jpg,rice_leaf_scald,wheat_brown_rust,0.9723,0
evaluate\noisy_dataset\rice_leaf_scald\aug_0_2517.jpg,rice_leaf_scald,wheat_brown_rust,0.3519,0
evaluate\noisy_dataset\rice_leaf_scald\aug_0_2563.jpg,rice_leaf_scald,wheat_brown_rust,0.5715,0
evaluate\noisy_dataset\rice_leaf_scald\aug_0_274.jpg,rice_leaf_scald,wheat_brown_rust,0.7623,0
evaluate\noisy_dataset\rice_leaf_scald\aug_0_2787.jpg,rice_leaf_scald,wheat_brown_rust,0.8281,0
evaluate\noisy_dataset\rice_leaf_scald\aug_0_2798.jpg,rice_leaf_scald,wheat_brown_rust,0.7113,0
evaluate\noisy_dataset\rice_leaf_scald\aug_0_2990.jpg,rice_leaf_scald,wheat_brown_rust,0.3089,0
evaluate\noisy_dataset\rice_leaf_scald\aug_0_2996.jpg,rice_leaf_scald,wheat_brown_rust,0.4693,0
evaluate\noisy_dataset\rice_leaf_scald\aug_0_3160.jpg,rice_leaf_scald,wheat_brown_rust,0.8805,0
evaluate\noisy_dataset\rice_leaf_scald\aug_0_3260.jpg,rice_leaf_scald,wheat_brown_rust,0.5939,0
evaluate\noisy_dataset\rice_leaf_scald\aug_0_332.jpg,rice_leaf_scald,wheat_powdery_mildew,0.9841,0
evaluate\noisy_dataset\rice_leaf_scald\aug_0_3759.jpg,rice_leaf_scald,wheat_brown_rust,0.2851,0
evaluate\noisy_dataset\rice_leaf_scald\aug_0_3775.jpg,rice_leaf_scald,wheat_powdery_mildew,0.8713,0
evaluate\noisy_dataset\rice_leaf_scald\aug_0_3808.jpg,rice_leaf_scald,wheat_brown_rust,0.5804,0
evaluate\noisy_dataset\rice_leaf_scald\aug_0_3826.jpg,rice_leaf_scald,wheat_brown_rust,0.8337,0
evaluate\noisy_dataset\rice_leaf_scald\aug_0_3882.jpg,rice_leaf_scald,wheat_powdery_mildew,0.7568,0
evaluate\noisy_dataset\rice_leaf_scald\aug_0_3883.jpg,rice_leaf_scald,wheat_brown_rust,0.938,0
evaluate\noisy_dataset\rice_leaf_scald\aug_0_3899.jpg,rice_leaf_scald,wheat_powdery_mildew,0.5668,0
evaluate\noisy_dataset\rice_leaf_scald\aug_0_5212.jpg,rice_leaf_scald,wheat_brown_rust,0.9268,0
evaluate\noisy_dataset\rice_leaf_scald\aug_0_5332.jpg,rice_leaf_scald,wheat_tan_spot,0.4298,0
evaluate\noisy_dataset\rice_leaf_scald\aug_0_543.jpg,rice_leaf_scald,wheat_aphid,0.5398,0
evaluate\noisy_dataset\rice_leaf_scald\aug_0_5555.jpg,rice_leaf_scald,wheat_brown_rust,0.6516,0
evaluate\noisy_dataset\rice_leaf_scald\aug_0_5880.jpg,rice_leaf_scald,wheat_brown_rust,0.9621,0
evaluate\noisy_dataset\rice_leaf_scald\aug_0_5907.jpg,rice_leaf_scald,wheat_brown_rust,0.6489,0
evaluate\noisy_dataset\rice_leaf_scald\aug_0_5914.jpg,rice_leaf_scald,wheat_powdery_mildew,0.6213,0
evaluate\noisy_dataset\rice_leaf_scald\aug_0_5930.jpg,rice_leaf_scald,wheat_powdery_mildew,0.9317,0
evaluate\noisy_dataset\rice_leaf_scald\aug_0_6134.jpg,rice_leaf_scald,wheat_powdery_mildew,0.8365,0
evaluate\noisy_dataset\rice_leaf_scald\aug_0_6168.jpg,rice_leaf_scald,wheat_powdery_mildew,0.9723,0
evaluate\noisy_dataset\rice_leaf_scald\aug_0_6206.jpg,rice_leaf_scald,wheat_powdery_mildew,0.5135,0
evaluate\noisy_dataset\rice_leaf_scald\aug_0_6323.jpg,rice_leaf_scald,wheat_brown_rust,0.9661,0
evaluate\noisy_dataset\rice_leaf_scald\aug_0_725.jpg,rice_leaf_scald,wheat_powdery_mildew,0.5471,0
evaluate\noisy_dataset\rice_leaf_scald\Leaf_scald (102).jpg,rice_leaf_scald,wheat_brown_rust,0.5928,0
evaluate\noisy_dataset\rice_leaf_scald\Leaf_scald (104).jpg,rice_leaf_scald,wheat_powdery_mildew,0.5614,0
evaluate\noisy_dataset\rice_leaf_scald\Leaf_scald (52).jpg,rice_leaf_scald,wheat_brown_rust,0.5707,0
evaluate\noisy_dataset\rice_leaf_scald\Leaf_scald (57).jpg,rice_leaf_scald,wheat_brown_rust,0.9848,0
evaluate\noisy_dataset\rice_leaf_scald\Leaf_scald (61).jpg,rice_leaf_scald,wheat_brown_rust,0.9723,0
evaluate\noisy_dataset\rice_leaf_scald\Leaf_scald (62).jpg,rice_leaf_scald,wheat_brown_rust,0.6818,0
evaluate\noisy_dataset\rice_leaf_scald\Leaf_scald (92).jpg,rice_leaf_scald,wheat_powdery_mildew,0.725,0
evaluate\noisy_dataset\rice_leaf_scald\Leaf_scald (99).jpg,rice_leaf_scald,wheat_brown_rust,0.9861,0
evaluate\noisy_dataset\rice_sheath_blight\aug_0_149.jpg,rice_sheath_blight,wheat_brown_rust,0.9494,0
evaluate\noisy_dataset\rice_sheath_blight\aug_0_386.jpg,rice_sheath_blight,wheat_powdery_mildew,0.7001,0
evaluate\noisy_dataset\rice_sheath_blight\aug_0_388.jpg,rice_sheath_blight,wheat_brown_rust,0.7509,0
evaluate\noisy_dataset\rice_sheath_blight\aug_0_64.jpg,rice_sheath_blight,wheat_brown_rust,0.4695,0
evaluate\noisy_dataset\rice_sheath_blight\aug_0_647.jpg,rice_sheath_blight,wheat_brown_rust,0.1701,0
evaluate\noisy_dataset\rice_sheath_blight\aug_0_7976.jpg,rice_sheath_blight,wheat_brown_rust,0.9491,0
evaluate\noisy_dataset\rice_sheath_blight\aug_0_8064.jpg,rice_sheath_blight,wheat_brown_rust,0.9421,0
evaluate\noisy_dataset\rice_sheath_blight\aug_0_8200.jpg,rice_sheath_blight,wheat_brown_rust,0.5578,0
evaluate\noisy_dataset\rice_sheath_blight\aug_0_8257.jpg,rice_sheath_blight,wheat_powdery_mildew,0.7371,0
evaluate\noisy_dataset\rice_sheath_blight\aug_0_8268.jpg,rice_sheath_blight,wheat_brown_rust,0.9614,0
evaluate\noisy_dataset\rice_sheath_blight\aug_0_8500.jpg,rice_sheath_blight,wheat_brown_rust,0.6289,0
evaluate\noisy_dataset\rice_sheath_blight\aug_0_8547.jpg,rice_sheath_blight,wheat_brown_rust,0.5448,0
evaluate\noisy_dataset\rice_sheath_blight\aug_0_8723.jpg,rice_sheath_blight,wheat_brown_rust,0.9261,0
evaluate\noisy_dataset\rice_sheath_blight\aug_0_9021.jpg,rice_sheath_blight,wheat_powdery_mildew,0.84,0
evaluate\noisy_dataset\rice_sheath_blight\aug_0_9130.jpg,rice_sheath_blight,wheat_mite,0.9729,0
evaluate\noisy_dataset\rice_sheath_blight\aug_0_9141.jpg,rice_sheath_blight,wheat_powdery_mildew,0.4864,0
evaluate\noisy_dataset\rice_sheath_blight\aug_0_9274.jpg,rice_sheath_blight,wheat_brown_rust,0.6509,0
evaluate\noisy_dataset\rice_sheath_blight\aug_0_9419.jpg,rice_sheath_blight,wheat_brown_rust,0.962,0
evaluate\noisy_dataset\rice_sheath_blight\aug_0_9486.jpg,rice_sheath_blight,wheat_powdery_mildew,0.897,0
evaluate\noisy_dataset\rice_sheath_blight\aug_0_9559.jpg,rice_sheath_blight,wheat_brown_rust,0.6586,0
evaluate\noisy_dataset\rice_sheath_blight\aug_0_9584.jpg,rice_sheath_blight,wheat_brown_rust,0.872,0
evaluate\noisy_dataset\rice_sheath_blight\aug_0_9839.jpg,rice_sheath_blight,wheat_tan_spot,0.4475,0
evaluate\noisy_dataset\rice_sheath_blight\aug_0_9901.jpg,rice_sheath_blight,wheat_brown_rust,0.8748,0
evaluate\noisy_dataset\rice_sheath_blight\aug_0_9918.jpg,rice_sheath_blight,wheat_brown_rust,0.4826,0
evaluate\noisy_dataset\rice_sheath_blight\IMG_20231014_170951.jpg,rice_sheath_blight,wheat_brown_rust,0.5669,0
evaluate\noisy_dataset\rice_sheath_blight\IMG_20231014_171019.jpg,rice_sheath_blight,wheat_brown_rust,0.7007,0
evaluate\noisy_dataset\rice_sheath_blight\IMG_20231014_172039_1.jpg,rice_sheath_blight,wheat_powdery_mildew,0.4145,0
evaluate\noisy_dataset\rice_sheath_blight\IMG_20231014_172624.jpg,rice_sheath_blight,wheat_brown_rust,0.8918,0
evaluate\noisy_dataset\rice_sheath_blight\IMG_20231014_172938.jpg,rice_sheath_blight,wheat_powdery_mildew,0.5802,0
evaluate\noisy_dataset\rice_sheath_blight\IMG_20231014_173707.jpg,rice_sheath_blight,wheat_brown_rust,0.7449,0
evaluate\noisy_dataset\rice_sheath_blight\IMG_20231014_173719.jpg,rice_sheath_blight,wheat_brown_rust,0.8555,0
evaluate\noisy_dataset\rice_sheath_blight\IMG_20231014_173759.jpg,rice_sheath_blight,wheat_brown_rust,0.9566,0
evaluate\noisy_dataset\rice_sheath_blight\IMG_20231014_173857.jpg,rice_sheath_blight,wheat_mite,0.4282,0
evaluate\noisy_dataset\rice_sheath_blight\IMG_20231014_173947.jpg,rice_sheath_blight,wheat_tan_spot,0.372,0
evaluate\noisy_dataset\rice_sheath_blight\IMG_20231014_174001.jpg,rice_sheath_blight,wheat_brown_rust,0.8767,0
evaluate\noisy_dataset\rice_sheath_blight\IMG_20231018_143304.jpg,rice_sheath_blight,wheat_brown_rust,0.6967,0
evaluate\noisy_dataset\rice_sheath_blight\Sheath_Blight (102).jpg,rice_sheath_blight,wheat_brown_rust,0.686,0
evaluate\noisy_dataset\rice_sheath_blight\Sheath_Blight (111).jpg,rice_sheath_blight,wheat_brown_rust,0.4727,0
evaluate\noisy_dataset\rice_sheath_blight\Sheath_Blight (113).jpg,rice_sheath_blight,wheat_powdery_mildew,0.428,0
evaluate\noisy_dataset\rice_sheath_blight\Sheath_Blight (114).jpg,rice_sheath_blight,wheat_brown_rust,0.4475,0
evaluate\noisy_dataset\rice_sheath_blight\Sheath_Blight (121).jpg,rice_sheath_blight,wheat_brown_rust,0.8938,0
evaluate\noisy_dataset\rice_sheath_blight\Sheath_Blight (133).jpg,rice_sheath_blight,wheat_brown_rust,0.5384,0
evaluate\noisy_dataset\rice_sheath_blight\Sheath_Blight (134).jpg,rice_sheath_blight,wheat_brown_rust,0.8989,0
evaluate\noisy_dataset\rice_sheath_blight\Sheath_Blight (138).jpg,rice_sheath_blight,wheat_brown_rust,0.7465,0
evaluate\noisy_dataset\rice_sheath_blight\Sheath_Blight (77).jpg,rice_sheath_blight,wheat_brown_rust,0.8641,0
evaluate\noisy_dataset\wheat_aphid\aphid_1.png,wheat_aphid,wheat_brown_rust,0.4589,0
evaluate\noisy_dataset\wheat_aphid\aphid_109.png,wheat_aphid,wheat_powdery_mildew,0.7591,0
evaluate\noisy_dataset\wheat_aphid\aphid_110.png,wheat_aphid,wheat_brown_rust,0.5886,0
evaluate\noisy_dataset\wheat_aphid\aphid_152.png,wheat_aphid,wheat_brown_rust,0.7246,0
evaluate\noisy_dataset\wheat_aphid\aphid_17.png,wheat_aphid,wheat_brown_rust,0.8732,0
evaluate\noisy_dataset\wheat_aphid\aphid_186.png,wheat_aphid,wheat_powdery_mildew,0.7779,0
evaluate\noisy_dataset\wheat_aphid\aphid_201.png,wheat_aphid,wheat_brown_rust,0.7493,0
evaluate\noisy_dataset\wheat_aphid\aphid_212.png,wheat_aphid,wheat_smut,0.5215,0
evaluate\noisy_dataset\wheat_aphid\aphid_234.png,wheat_aphid,wheat_mite,0.5735,0
evaluate\noisy_dataset\wheat_aphid\aphid_287.png,wheat_aphid,wheat_brown_rust,0.8696,0
evaluate\noisy_dataset\wheat_aphid\aphid_294.png,wheat_aphid,wheat_brown_rust,0.6053,0
evaluate\noisy_dataset\wheat_aphid\aphid_34.png,wheat_aphid,wheat_tan_spot,0.566,0
evaluate\noisy_dataset\wheat_aphid\aphid_342.png,wheat_aphid,wheat_powdery_mildew,0.3742,0
evaluate\noisy_dataset\wheat_aphid\aphid_348.png,wheat_aphid,wheat_brown_rust,0.7593,0
evaluate\noisy_dataset\wheat_aphid\aphid_35.png,wheat_aphid,wheat_brown_rust,0.8871,0
evaluate\noisy_dataset\wheat_aphid\aphid_372.png,wheat_aphid,wheat_brown_rust,0.501,0
evaluate\noisy_dataset\wheat_aphid\aphid_385.png,wheat_aphid,wheat_brown_rust,0.7857,0
evaluate\noisy_dataset\wheat_aphid\aphid_399.png,wheat_aphid,wheat_powdery_mildew,0.9115,0
evaluate\noisy_dataset\wheat_aphid\aphid_431.png,wheat_aphid,wheat_brown_rust,0.8899,0
evaluate\noisy_dataset\wheat_aphid\aphid_434.png,wheat_aphid,wheat_brown_rust,0.9535,0
evaluate\noisy_dataset\wheat_aphid\aphid_438.png,wheat_aphid,wheat_brown_rust,0.6435,0
evaluate\noisy_dataset\wheat_aphid\aphid_453.png,wheat_aphid,wheat_brown_rust,0.9571,0
evaluate\noisy_dataset\wheat_aphid\aphid_464.png,wheat_aphid,wheat_mite,0.8638,0
evaluate\noisy_dataset\wheat_aphid\aphid_475.png,wheat_aphid,wheat_mite,0.9588,0
evaluate\noisy_dataset\wheat_aphid\aphid_520.png,wheat_aphid,wheat_mite,0.3848,0
evaluate\noisy_dataset\wheat_aphid\aphid_530.png,wheat_aphid,wheat_brown_rust,0.7974,0
evaluate\noisy_dataset\wheat_aphid\aphid_533.png,wheat_aphid,wheat_brown_rust,0.5861,0
evaluate\noisy_dataset\wheat_aphid\aphid_549.png,wheat_aphid,wheat_brown_rust,0.514,0
evaluate\noisy_dataset\wheat_aphid\aphid_591.png,wheat_aphid,wheat_tan_spot,0.4001,0
evaluate\noisy_dataset\wheat_aphid\aphid_612.png,wheat_aphid,wheat_brown_rust,0.7665,0
evaluate\noisy_dataset\wheat_aphid\aphid_668.png,wheat_aphid,wheat_mite,0.6441,0
evaluate\noisy_dataset\wheat_aphid\aphid_685.png,wheat_aphid,wheat_powdery_mildew,0.7427,0
evaluate\noisy_dataset\wheat_aphid\aphid_689.png,wheat_aphid,wheat_brown_rust,0.9054,0
evaluate\noisy_dataset\wheat_aphid\aphid_708.png,wheat_aphid,wheat_aphid,0.5223,1
evaluate\noisy_dataset\wheat_aphid\aphid_721.png,wheat_aphid,wheat_brown_rust,0.3705,0
evaluate\noisy_dataset\wheat_aphid\aphid_729.png,wheat_aphid,wheat_brown_rust,0.6589,0
evaluate\noisy_dataset\wheat_aphid\aphid_776.png,wheat_aphid,wheat_brown_rust,0.8444,0
evaluate\noisy_dataset\wheat_aphid\aphid_793.png,wheat_aphid,wheat_brown_rust,0.3977,0
evaluate\noisy_dataset\wheat_aphid\aphid_803.png,wheat_aphid,wheat_brown_rust,0.9267,0
evaluate\noisy_dataset\wheat_aphid\aphid_806.png,wheat_aphid,wheat_tan_spot,0.6452,0
evaluate\noisy_dataset\wheat_aphid\aphid_809.png,wheat_aphid,wheat_tan_spot,0.444,0
evaluate\noisy_dataset\wheat_aphid\aphid_864.png,wheat_aphid,wheat_blast,0.331,0
evaluate\noisy_dataset\wheat_aphid\aphid_884.png,wheat_aphid,wheat_brown_rust,0.9402,0
evaluate\noisy_dataset\wheat_aphid\aphid_899.png,wheat_aphid,wheat_brown_rust,0.6053,0
evaluate\noisy_dataset\wheat_aphid\aphid_902.png,wheat_aphid,wheat_brown_rust,0.2289,0
evaluate\noisy_dataset\wheat_black_rust\black_rust_1.png,wheat_black_rust,wheat_fusarium_head_blight,0.2388,0
evaluate\noisy_dataset\wheat_black_rust\black_rust_112.png,wheat_black_rust,wheat_brown_rust,0.7999,0
evaluate\noisy_dataset\wheat_black_rust\black_rust_114.png,wheat_black_rust,wheat_powdery_mildew,0.6537,0
evaluate\noisy_dataset\wheat_black_rust\black_rust_115.png,wheat_black_rust,wheat_brown_rust,0.796,0
evaluate\noisy_dataset\wheat_black_rust\black_rust_121.png,wheat_black_rust,wheat_brown_rust,0.9166,0
evaluate\noisy_dataset\wheat_black_rust\black_rust_131.png,wheat_black_rust,wheat_brown_rust,0.9585,0
evaluate\noisy_dataset\wheat_black_rust\black_rust_135.png,wheat_black_rust,wheat_powdery_mildew,0.8521,0
evaluate\noisy_dataset\wheat_black_rust\black_rust_150.png,wheat_black_rust,wheat_brown_rust,0.8791,0
evaluate\noisy_dataset\wheat_black_rust\black_rust_166.png,wheat_black_rust,wheat_brown_rust,0.7229,0
evaluate\noisy_dataset\wheat_black_rust\black_rust_176.png,wheat_black_rust,wheat_brown_rust,0.9737,0
evaluate\noisy_dataset\wheat_black_rust\black_rust_186.png,wheat_black_rust,wheat_brown_rust,0.7884,0
evaluate\noisy_dataset\wheat_black_rust\black_rust_194.png,wheat_black_rust,wheat_brown_rust,0.6259,0
evaluate\noisy_dataset\wheat_black_rust\black_rust_199.png,wheat_black_rust,wheat_brown_rust,0.7975,0
evaluate\noisy_dataset\wheat_black_rust\black_rust_200.png,wheat_black_rust,wheat_mite,0.4523,0
evaluate\noisy_dataset\wheat_black_rust\black_rust_207.png,wheat_black_rust,wheat_powdery_mildew,0.6076,0
evaluate\noisy_dataset\wheat_black_rust\black_rust_246.png,wheat_black_rust,wheat_smut,0.5709,0
evaluate\noisy_dataset\wheat_black_rust\black_rust_260.png,wheat_black_rust,wheat_brown_rust,0.5123,0
evaluate\noisy_dataset\wheat_black_rust\black_rust_269.png,wheat_black_rust,wheat_brown_rust,0.5626,0
evaluate\noisy_dataset\wheat_black_rust\black_rust_296.png,wheat_black_rust,wheat_brown_rust,0.8333,0
evaluate\noisy_dataset\wheat_black_rust\black_rust_297.png,wheat_black_rust,wheat_brown_rust,0.5375,0
evaluate\noisy_dataset\wheat_black_rust\black_rust_300.png,wheat_black_rust,wheat_brown_rust,0.3653,0
evaluate\noisy_dataset\wheat_black_rust\black_rust_304.png,wheat_black_rust,wheat_brown_rust,0.7698,0
evaluate\noisy_dataset\wheat_black_rust\black_rust_327.png,wheat_black_rust,wheat_brown_rust,0.5365,0
evaluate\noisy_dataset\wheat_black_rust\black_rust_330.png,wheat_black_rust,wheat_mite,0.5504,0
evaluate\noisy_dataset\wheat_black_rust\black_rust_331.png,wheat_black_rust,wheat_brown_rust,0.498,0
evaluate\noisy_dataset\wheat_black_rust\black_rust_366.png,wheat_black_rust,wheat_powdery_mildew,0.21,0
evaluate\noisy_dataset\wheat_black_rust\black_rust_368.png,wheat_black_rust,wheat_brown_rust,0.8498,0
evaluate\noisy_dataset\wheat_black_rust\black_rust_388.png,wheat_black_rust,wheat_brown_rust,0.6502,0
evaluate\noisy_dataset\wheat_black_rust\black_rust_397.png,wheat_black_rust,wheat_brown_rust,0.7441,0
evaluate\noisy_dataset\wheat_black_rust\black_rust_409.png,wheat_black_rust,wheat_brown_rust,0.9234,0
evaluate\noisy_dataset\wheat_black_rust\black_rust_424.png,wheat_black_rust,wheat_brown_rust,0.3163,0
evaluate\noisy_dataset\wheat_black_rust\black_rust_444.png,wheat_black_rust,wheat_brown_rust,0.7168,0
evaluate\noisy_dataset\wheat_black_rust\black_rust_468.png,wheat_black_rust,wheat_brown_rust,0.9503,0
evaluate\noisy_dataset\wheat_black_rust\black_rust_470.png,wheat_black_rust,wheat_tan_spot,0.5337,0
evaluate\noisy_dataset\wheat_black_rust\black_rust_487.png,wheat_black_rust,wheat_brown_rust,0.2425,0
evaluate\noisy_dataset\wheat_black_rust\black_rust_490.png,wheat_black_rust,wheat_brown_rust,0.2658,0
evaluate\noisy_dataset\wheat_black_rust\black_rust_506.png,wheat_black_rust,wheat_brown_rust,0.9392,0
evaluate\noisy_dataset\wheat_black_rust\black_rust_519.png,wheat_black_rust,wheat_brown_rust,0.9001,0
evaluate\noisy_dataset\wheat_black_rust\black_rust_546.png,wheat_black_rust,wheat_brown_rust,0.3044,0
evaluate\noisy_dataset\wheat_black_rust\black_rust_553.png,wheat_black_rust,wheat_brown_rust,0.993,0
evaluate\noisy_dataset\wheat_black_rust\black_rust_62.png,wheat_black_rust,wheat_brown_rust,0.5094,0
evaluate\noisy_dataset\wheat_black_rust\black_rust_66.png,wheat_black_rust,wheat_tan_spot,0.5028,0
evaluate\noisy_dataset\wheat_black_rust\black_rust_74.png,wheat_black_rust,wheat_brown_rust,0.8302,0
evaluate\noisy_dataset\wheat_black_rust\black_rust_80.png,wheat_black_rust,wheat_brown_rust,0.6146,0
evaluate\noisy_dataset\wheat_black_rust\black_rust_94.png,wheat_black_rust,wheat_brown_rust,0.7718,0
evaluate\noisy_dataset\wheat_blast\blast_128.png,wheat_blast,wheat_brown_rust,0.2844,0
evaluate\noisy_dataset\wheat_blast\blast_151.png,wheat_blast,wheat_brown_rust,0.7842,0
evaluate\noisy_dataset\wheat_blast\blast_157.png,wheat_blast,wheat_blast,0.6442,1
evaluate\noisy_dataset\wheat_blast\blast_158.png,wheat_blast,wheat_blast,0.4558,1
evaluate\noisy_dataset\wheat_blast\blast_16.png,wheat_blast,wheat_mite,0.2972,0
evaluate\noisy_dataset\wheat_blast\blast_182.png,wheat_blast,wheat_mite,0.5661,0
evaluate\noisy_dataset\wheat_blast\blast_188.png,wheat_blast,wheat_brown_rust,0.5065,0
evaluate\noisy_dataset\wheat_blast\blast_189.png,wheat_blast,wheat_mite,0.9067,0
evaluate\noisy_dataset\wheat_blast\blast_2.png,wheat_blast,wheat_powdery_mildew,0.3894,0
evaluate\noisy_dataset\wheat_blast\blast_200.png,wheat_blast,wheat_mite,0.4973,0
evaluate\noisy_dataset\wheat_blast\blast_208.png,wheat_blast,wheat_mite,0.999,0
evaluate\noisy_dataset\wheat_blast\blast_231.png,wheat_blast,wheat_blast,0.5329,1
evaluate\noisy_dataset\wheat_blast\blast_233.png,wheat_blast,wheat_blast,0.6439,1
evaluate\noisy_dataset\wheat_blast\blast_247.png,wheat_blast,wheat_powdery_mildew,0.3788,0
evaluate\noisy_dataset\wheat_blast\blast_272.png,wheat_blast,wheat_mite,0.5931,0
evaluate\noisy_dataset\wheat_blast\blast_291.png,wheat_blast,wheat_brown_rust,0.8754,0
evaluate\noisy_dataset\wheat_blast\blast_298.png,wheat_blast,wheat_mite,0.2931,0
evaluate\noisy_dataset\wheat_blast\blast_30.png,wheat_blast,wheat_brown_rust,0.7273,0
evaluate\noisy_dataset\wheat_blast\blast_303.png,wheat_blast,wheat_brown_rust,0.9507,0
evaluate\noisy_dataset\wheat_blast\blast_330.png,wheat_blast,wheat_mite,0.4523,0
evaluate\noisy_dataset\wheat_blast\blast_353.png,wheat_blast,wheat_brown_rust,0.876,0
evaluate\noisy_dataset\wheat_blast\blast_370.png,wheat_blast,wheat_mite,0.5132,0
evaluate\noisy_dataset\wheat_blast\blast_389.png,wheat_blast,wheat_brown_rust,0.2861,0
evaluate\noisy_dataset\wheat_blast\blast_413.png,wheat_blast,wheat_brown_rust,0.903,0
evaluate\noisy_dataset\wheat_blast\blast_421.png,wheat_blast,wheat_brown_rust,0.7208,0
evaluate\noisy_dataset\wheat_blast\blast_436.png,wheat_blast,wheat_brown_rust,0.4183,0
evaluate\noisy_dataset\wheat_blast\blast_45.png,wheat_blast,wheat_brown_rust,0.5391,0
evaluate\noisy_dataset\wheat_blast\blast_456.png,wheat_blast,wheat_mite,0.5023,0
evaluate\noisy_dataset\wheat_blast\blast_46.png,wheat_blast,wheat_brown_rust,0.4262,0
evaluate\noisy_dataset\wheat_blast\blast_466.png,wheat_blast,wheat_smut,0.9744,0
evaluate\noisy_dataset\wheat_blast\blast_491.png,wheat_blast,wheat_fusarium_head_blight,0.2922,0
evaluate\noisy_dataset\wheat_blast\blast_499.png,wheat_blast,wheat_black_rust,0.2138,0
evaluate\noisy_dataset\wheat_blast\blast_52.png,wheat_blast,wheat_brown_rust,0.5341,0
evaluate\noisy_dataset\wheat_blast\blast_521.png,wheat_blast,wheat_brown_rust,0.9576,0
evaluate\noisy_dataset\wheat_blast\blast_531.png,wheat_blast,wheat_mite,0.8431,0
evaluate\noisy_dataset\wheat_blast\blast_54.png,wheat_blast,wheat_mite,0.4478,0
evaluate\noisy_dataset\wheat_blast\blast_540.png,wheat_blast,wheat_brown_rust,0.9769,0
evaluate\noisy_dataset\wheat_blast\blast_551.png,wheat_blast,wheat_mite,0.239,0
evaluate\noisy_dataset\wheat_blast\blast_569.png,wheat_blast,wheat_brown_rust,0.6074,0
evaluate\noisy_dataset\wheat_blast\blast_598.png,wheat_blast,wheat_blast,0.3049,1
evaluate\noisy_dataset\wheat_blast\blast_600.png,wheat_blast,wheat_blast,0.4931,1
evaluate\noisy_dataset\wheat_blast\blast_638.png,wheat_blast,wheat_blast,0.6653,1
evaluate\noisy_dataset\wheat_blast\blast_73.png,wheat_blast,wheat_mite,0.8606,0
evaluate\noisy_dataset\wheat_blast\blast_80.png,wheat_blast,wheat_brown_rust,0.7253,0
evaluate\noisy_dataset\wheat_blast\blast_98.png,wheat_blast,wheat_brown_rust,0.6543,0
evaluate\noisy_dataset\wheat_brown_rust\brown_rust_1005.png,wheat_brown_rust,wheat_brown_rust,0.9815,1
evaluate\noisy_dataset\wheat_brown_rust\brown_rust_1038.png,wheat_brown_rust,wheat_brown_rust,0.8704,1
evaluate\noisy_dataset\wheat_brown_rust\brown_rust_104.png,wheat_brown_rust,wheat_mite,0.2847,0
evaluate\noisy_dataset\wheat_brown_rust\brown_rust_1041.png,wheat_brown_rust,wheat_brown_rust,0.7916,1
evaluate\noisy_dataset\wheat_brown_rust\brown_rust_1059.png,wheat_brown_rust,wheat_brown_rust,0.9093,1
evaluate\noisy_dataset\wheat_brown_rust\brown_rust_1135.png,wheat_brown_rust,wheat_brown_rust,0.2902,1
evaluate\noisy_dataset\wheat_brown_rust\brown_rust_114.png,wheat_brown_rust,wheat_brown_rust,0.6443,1
evaluate\noisy_dataset\wheat_brown_rust\brown_rust_1145.png,wheat_brown_rust,wheat_powdery_mildew,0.6293,0
evaluate\noisy_dataset\wheat_brown_rust\brown_rust_1180.png,wheat_brown_rust,wheat_brown_rust,0.6591,1
evaluate\noisy_dataset\wheat_brown_rust\brown_rust_1196.png,wheat_brown_rust,wheat_brown_rust,0.5839,1
evaluate\noisy_dataset\wheat_brown_rust\brown_rust_1207.png,wheat_brown_rust,wheat_brown_rust,0.816,1
evaluate\noisy_dataset\wheat_brown_rust\brown_rust_1251.png,wheat_brown_rust,wheat_mite,0.3006,0
evaluate\noisy_dataset\wheat_brown_rust\brown_rust_1257.png,wheat_brown_rust,wheat_smut,0.3942,0
evaluate\noisy_dataset\wheat_brown_rust\brown_rust_140.png,wheat_brown_rust,wheat_powdery_mildew,0.9414,0
evaluate\noisy_dataset\wheat_brown_rust\brown_rust_146.png,wheat_brown_rust,wheat_brown_rust,0.5679,1
evaluate\noisy_dataset\wheat_brown_rust\brown_rust_154.png,wheat_brown_rust,wheat_brown_rust,0.9035,1
evaluate\noisy_dataset\wheat_brown_rust\brown_rust_156.png,wheat_brown_rust,wheat_tan_spot,0.4015,0
evaluate\noisy_dataset\wheat_brown_rust\brown_rust_162.png,wheat_brown_rust,wheat_brown_rust,0.5576,1
evaluate\noisy_dataset\wheat_brown_rust\brown_rust_190.png,wheat_brown_rust,wheat_mite,0.464,0
evaluate\noisy_dataset\wheat_brown_rust\brown_rust_23.png,wheat_brown_rust,wheat_brown_rust,0.9939,1
evaluate\noisy_dataset\wheat_brown_rust\brown_rust_321.png,wheat_brown_rust,wheat_mite,0.3671,0
evaluate\noisy_dataset\wheat_brown_rust\brown_rust_332.png,wheat_brown_rust,wheat_brown_rust,0.4067,1
evaluate\noisy_dataset\wheat_brown_rust\brown_rust_373.png,wheat_brown_rust,wheat_mite,0.3553,0
evaluate\noisy_dataset\wheat_brown_rust\brown_rust_418.png,wheat_brown_rust,wheat_brown_rust,0.4647,1
evaluate\noisy_dataset\wheat_brown_rust\brown_rust_448.png,wheat_brown_rust,wheat_brown_rust,0.493,1
evaluate\noisy_dataset\wheat_brown_rust\brown_rust_525.png,wheat_brown_rust,wheat_brown_rust,0.5971,1
evaluate\noisy_dataset\wheat_brown_rust\brown_rust_55.png,wheat_brown_rust,wheat_powdery_mildew,0.5293,0
evaluate\noisy_dataset\wheat_brown_rust\brown_rust_57.png,wheat_brown_rust,wheat_brown_rust,0.6688,1
evaluate\noisy_dataset\wheat_brown_rust\brown_rust_599.png,wheat_brown_rust,wheat_brown_rust,0.688,1
evaluate\noisy_dataset\wheat_brown_rust\brown_rust_660.png,wheat_brown_rust,wheat_brown_rust,0.6536,1
evaluate\noisy_dataset\wheat_brown_rust\brown_rust_666.png,wheat_brown_rust,wheat_brown_rust,0.3398,1
evaluate\noisy_dataset\wheat_brown_rust\brown_rust_669.png,wheat_brown_rust,wheat_brown_rust,0.7618,1
evaluate\noisy_dataset\wheat_brown_rust\brown_rust_724.png,wheat_brown_rust,wheat_brown_rust,0.3709,1
evaluate\noisy_dataset\wheat_brown_rust\brown_rust_732.png,wheat_brown_rust,wheat_tan_spot,0.4461,0
evaluate\noisy_dataset\wheat_brown_rust\brown_rust_762.png,wheat_brown_rust,wheat_brown_rust,0.7285,1
evaluate\noisy_dataset\wheat_brown_rust\brown_rust_785.png,wheat_brown_rust,wheat_brown_rust,0.7085,1
evaluate\noisy_dataset\wheat_brown_rust\brown_rust_803.png,wheat_brown_rust,wheat_root_rot,0.2406,0
evaluate\noisy_dataset\wheat_brown_rust\brown_rust_826.png,wheat_brown_rust,wheat_powdery_mildew,0.311,0
evaluate\noisy_dataset\wheat_brown_rust\brown_rust_858.png,wheat_brown_rust,wheat_brown_rust,0.6587,1
evaluate\noisy_dataset\wheat_brown_rust\brown_rust_881.png,wheat_brown_rust,wheat_brown_rust,0.571,1
evaluate\noisy_dataset\wheat_brown_rust\brown_rust_891.png,wheat_brown_rust,wheat_brown_rust,0.5045,1
evaluate\noisy_dataset\wheat_brown_rust\brown_rust_913.png,wheat_brown_rust,wheat_powdery_mildew,0.6183,0
evaluate\noisy_dataset\wheat_brown_rust\brown_rust_966.png,wheat_brown_rust,wheat_mite,0.3812,0
evaluate\noisy_dataset\wheat_brown_rust\brown_rust_974.png,wheat_brown_rust,wheat_mite,0.304,0
evaluate\noisy_dataset\wheat_brown_rust\brown_rust_984.png,wheat_brown_rust,wheat_brown_rust,0.5672,1
evaluate\noisy_dataset\wheat_fusarium_head_blight\fusarium_head_blight_101.png,wheat_fusarium_head_blight,wheat_brown_rust,0.8975,0
evaluate\noisy_dataset\wheat_fusarium_head_blight\fusarium_head_blight_123.png,wheat_fusarium_head_blight,wheat_brown_rust,0.4791,0
evaluate\noisy_dataset\wheat_fusarium_head_blight\fusarium_head_blight_126.png,wheat_fusarium_head_blight,wheat_powdery_mildew,0.6924,0
evaluate\noisy_dataset\wheat_fusarium_head_blight\fusarium_head_blight_127.png,wheat_fusarium_head_blight,wheat_brown_rust,0.9549,0
evaluate\noisy_dataset\wheat_fusarium_head_blight\fusarium_head_blight_134.png,wheat_fusarium_head_blight,wheat_powdery_mildew,0.5897,0
evaluate\noisy_dataset\wheat_fusarium_head_blight\fusarium_head_blight_135.png,wheat_fusarium_head_blight,wheat_tan_spot,0.4749,0
evaluate\noisy_dataset\wheat_fusarium_head_blight\fusarium_head_blight_171.png,wheat_fusarium_head_blight,wheat_mite,0.2712,0
evaluate\noisy_dataset\wheat_fusarium_head_blight\fusarium_head_blight_194.png,wheat_fusarium_head_blight,wheat_brown_rust,0.6546,0
evaluate\noisy_dataset\wheat_fusarium_head_blight\fusarium_head_blight_208.png,wheat_fusarium_head_blight,wheat_brown_rust,0.7117,0
evaluate\noisy_dataset\wheat_fusarium_head_blight\fusarium_head_blight_214.png,wheat_fusarium_head_blight,wheat_fusarium_head_blight,0.3469,1
evaluate\noisy_dataset\wheat_fusarium_head_blight\fusarium_head_blight_215.png,wheat_fusarium_head_blight,wheat_powdery_mildew,0.4744,0
evaluate\noisy_dataset\wheat_fusarium_head_blight\fusarium_head_blight_250.png,wheat_fusarium_head_blight,wheat_brown_rust,0.4297,0
evaluate\noisy_dataset\wheat_fusarium_head_blight\fusarium_head_blight_251.png,wheat_fusarium_head_blight,wheat_brown_rust,0.4764,0
evaluate\noisy_dataset\wheat_fusarium_head_blight\fusarium_head_blight_255.png,wheat_fusarium_head_blight,wheat_mite,0.5164,0
evaluate\noisy_dataset\wheat_fusarium_head_blight\fusarium_head_blight_288.png,wheat_fusarium_head_blight,wheat_brown_rust,0.6805,0
evaluate\noisy_dataset\wheat_fusarium_head_blight\fusarium_head_blight_289.png,wheat_fusarium_head_blight,wheat_mite,0.9955,0
evaluate\noisy_dataset\wheat_fusarium_head_blight\fusarium_head_blight_290.png,wheat_fusarium_head_blight,wheat_powdery_mildew,0.614,0
evaluate\noisy_dataset\wheat_fusarium_head_blight\fusarium_head_blight_292.png,wheat_fusarium_head_blight,wheat_brown_rust,0.8046,0
evaluate\noisy_dataset\wheat_fusarium_head_blight\fusarium_head_blight_293.png,wheat_fusarium_head_blight,wheat_tan_spot,0.3871,0
evaluate\noisy_dataset\wheat_fusarium_head_blight\fusarium_head_blight_298.png,wheat_fusarium_head_blight,wheat_tan_spot,0.3105,0
evaluate\noisy_dataset\wheat_fusarium_head_blight\fusarium_head_blight_306.png,wheat_fusarium_head_blight,wheat_fusarium_head_blight,0.3437,1
evaluate\noisy_dataset\wheat_fusarium_head_blight\fusarium_head_blight_310.png,wheat_fusarium_head_blight,wheat_brown_rust,0.3143,0
evaluate\noisy_dataset\wheat_fusarium_head_blight\fusarium_head_blight_359.png,wheat_fusarium_head_blight,wheat_brown_rust,0.3652,0
evaluate\noisy_dataset\wheat_fusarium_head_blight\fusarium_head_blight_383.png,wheat_fusarium_head_blight,wheat_blast,0.3669,0
evaluate\noisy_dataset\wheat_fusarium_head_blight\fusarium_head_blight_389.png,wheat_fusarium_head_blight,wheat_powdery_mildew,0.3245,0
evaluate\noisy_dataset\wheat_fusarium_head_blight\fusarium_head_blight_403.png,wheat_fusarium_head_blight,wheat_brown_rust,0.925,0
evaluate\noisy_dataset\wheat_fusarium_head_blight\fusarium_head_blight_404.png,wheat_fusarium_head_blight,wheat_brown_rust,0.5014,0
evaluate\noisy_dataset\wheat_fusarium_head_blight\fusarium_head_blight_406.png,wheat_fusarium_head_blight,wheat_brown_rust,0.807,0
evaluate\noisy_dataset\wheat_fusarium_head_blight\fusarium_head_blight_448.png,wheat_fusarium_head_blight,wheat_brown_rust,0.2197,0
evaluate\noisy_dataset\wheat_fusarium_head_blight\fusarium_head_blight_457.png,wheat_fusarium_head_blight,wheat_fusarium_head_blight,0.3403,1
evaluate\noisy_dataset\wheat_fusarium_head_blight\fusarium_head_blight_461.png,wheat_fusarium_head_blight,wheat_tan_spot,0.4975,0
evaluate\noisy_dataset\wheat_fusarium_head_blight\fusarium_head_blight_482.png,wheat_fusarium_head_blight,wheat_powdery_mildew,0.679,0
evaluate\noisy_dataset\wheat_fusarium_head_blight\fusarium_head_blight_493.png,wheat_fusarium_head_blight,wheat_brown_rust,0.5702,0
evaluate\noisy_dataset\wheat_fusarium_head_blight\fusarium_head_blight_506.png,wheat_fusarium_head_blight,wheat_brown_rust,0.9643,0
evaluate\noisy_dataset\wheat_fusarium_head_blight\fusarium_head_blight_512.png,wheat_fusarium_head_blight,wheat_brown_rust,0.3688,0
evaluate\noisy_dataset\wheat_fusarium_head_blight\fusarium_head_blight_514.png,wheat_fusarium_head_blight,wheat_brown_rust,0.496,0
evaluate\noisy_dataset\wheat_fusarium_head_blight\fusarium_head_blight_529.png,wheat_fusarium_head_blight,wheat_brown_rust,0.7412,0
evaluate\noisy_dataset\wheat_fusarium_head_blight\fusarium_head_blight_542.png,wheat_fusarium_head_blight,wheat_brown_rust,0.6486,0
evaluate\noisy_dataset\wheat_fusarium_head_blight\fusarium_head_blight_558.png,wheat_fusarium_head_blight,wheat_brown_rust,0.7635,0
evaluate\noisy_dataset\wheat_fusarium_head_blight\fusarium_head_blight_57.png,wheat_fusarium_head_blight,wheat_mite,0.4808,0
evaluate\noisy_dataset\wheat_fusarium_head_blight\fusarium_head_blight_582.png,wheat_fusarium_head_blight,wheat_brown_rust,0.5534,0
evaluate\noisy_dataset\wheat_fusarium_head_blight\fusarium_head_blight_608.png,wheat_fusarium_head_blight,wheat_brown_rust,0.6715,0
evaluate\noisy_dataset\wheat_fusarium_head_blight\fusarium_head_blight_609.png,wheat_fusarium_head_blight,wheat_brown_rust,0.5094,0
evaluate\noisy_dataset\wheat_fusarium_head_blight\fusarium_head_blight_62.png,wheat_fusarium_head_blight,wheat_brown_rust,0.5068,0
evaluate\noisy_dataset\wheat_fusarium_head_blight\fusarium_head_blight_91.png,wheat_fusarium_head_blight,wheat_brown_rust,0.4937,0
evaluate\noisy_dataset\wheat_leaf_blight\leaf_blight_140.png,wheat_leaf_blight,wheat_brown_rust,0.9742,0
evaluate\noisy_dataset\wheat_leaf_blight\leaf_blight_164.png,wheat_leaf_blight,wheat_brown_rust,0.3557,0
evaluate\noisy_dataset\wheat_leaf_blight\leaf_blight_171.png,wheat_leaf_blight,wheat_brown_rust,0.2827,0
evaluate\noisy_dataset\wheat_leaf_blight\leaf_blight_18.png,wheat_leaf_blight,wheat_brown_rust,0.8721,0
evaluate\noisy_dataset\wheat_leaf_blight\leaf_blight_188.png,wheat_leaf_blight,wheat_brown_rust,0.9911,0
evaluate\noisy_dataset\wheat_leaf_blight\leaf_blight_239.png,wheat_leaf_blight,wheat_brown_rust,0.9354,0
evaluate\noisy_dataset\wheat_leaf_blight\leaf_blight_245.png,wheat_leaf_blight,wheat_brown_rust,0.8217,0
evaluate\noisy_dataset\wheat_leaf_blight\leaf_blight_270.png,wheat_leaf_blight,wheat_brown_rust,0.8109,0
evaluate\noisy_dataset\wheat_leaf_blight\leaf_blight_275.png,wheat_leaf_blight,wheat_brown_rust,0.9554,0
evaluate\noisy_dataset\wheat_leaf_blight\leaf_blight_276.png,wheat_leaf_blight,wheat_brown_rust,0.9771,0
evaluate\noisy_dataset\wheat_leaf_blight\leaf_blight_301.png,wheat_leaf_blight,wheat_blast,0.3706,0
evaluate\noisy_dataset\wheat_leaf_blight\leaf_blight_303.png,wheat_leaf_blight,wheat_brown_rust,0.9783,0
evaluate\noisy_dataset\wheat_leaf_blight\leaf_blight_356.png,wheat_leaf_blight,wheat_brown_rust,0.932,0
evaluate\noisy_dataset\wheat_leaf_blight\leaf_blight_367.png,wheat_leaf_blight,wheat_brown_rust,0.9998,0
evaluate\noisy_dataset\wheat_leaf_blight\leaf_blight_37.png,wheat_leaf_blight,wheat_brown_rust,0.9715,0
evaluate\noisy_dataset\wheat_leaf_blight\leaf_blight_371.png,wheat_leaf_blight,wheat_brown_rust,0.8837,0
evaluate\noisy_dataset\wheat_leaf_blight\leaf_blight_395.png,wheat_leaf_blight,wheat_brown_rust,0.9555,0
evaluate\noisy_dataset\wheat_leaf_blight\leaf_blight_405.png,wheat_leaf_blight,wheat_brown_rust,0.3591,0
evaluate\noisy_dataset\wheat_leaf_blight\leaf_blight_41.png,wheat_leaf_blight,wheat_brown_rust,0.7849,0
evaluate\noisy_dataset\wheat_leaf_blight\leaf_blight_415.png,wheat_leaf_blight,wheat_brown_rust,0.6396,0
evaluate\noisy_dataset\wheat_leaf_blight\leaf_blight_435.png,wheat_leaf_blight,wheat_brown_rust,0.9681,0
evaluate\noisy_dataset\wheat_leaf_blight\leaf_blight_444.png,wheat_leaf_blight,wheat_powdery_mildew,0.6039,0
evaluate\noisy_dataset\wheat_leaf_blight\leaf_blight_48.png,wheat_leaf_blight,wheat_brown_rust,0.9869,0
evaluate\noisy_dataset\wheat_leaf_blight\leaf_blight_483.png,wheat_leaf_blight,wheat_brown_rust,0.7868,0
evaluate\noisy_dataset\wheat_leaf_blight\leaf_blight_508.png,wheat_leaf_blight,wheat_brown_rust,0.6328,0
evaluate\noisy_dataset\wheat_leaf_blight\leaf_blight_512.png,wheat_leaf_blight,wheat_brown_rust,0.8589,0
evaluate\noisy_dataset\wheat_leaf_blight\leaf_blight_534.png,wheat_leaf_blight,wheat_brown_rust,0.6507,0
evaluate\noisy_dataset\wheat_leaf_blight\leaf_blight_536.png,wheat_leaf_blight,wheat_powdery_mildew,0.9122,0
evaluate\noisy_dataset\wheat_leaf_blight\leaf_blight_541.png,wheat_leaf_blight,wheat_brown_rust,0.7087,0
evaluate\noisy_dataset\wheat_leaf_blight\leaf_blight_544.png,wheat_leaf_blight,wheat_brown_rust,0.322,0
evaluate\noisy_dataset\wheat_leaf_blight\leaf_blight_553.png,wheat_leaf_blight,wheat_brown_rust,0.7604,0
evaluate\noisy_dataset\wheat_leaf_blight\leaf_blight_573.png,wheat_leaf_blight,wheat_powdery_mildew,0.4132,0
evaluate\noisy_dataset\wheat_leaf_blight\leaf_blight_603.png,wheat_leaf_blight,wheat_brown_rust,0.8929,0
evaluate\noisy_dataset\wheat_leaf_blight\leaf_blight_639.png,wheat_leaf_blight,wheat_brown_rust,0.7062,0
evaluate\noisy_dataset\wheat_leaf_blight\leaf_blight_701.png,wheat_leaf_blight,wheat_brown_rust,0.5425,0
evaluate\noisy_dataset\wheat_leaf_blight\leaf_blight_717.png,wheat_leaf_blight,wheat_brown_rust,0.5356,0
evaluate\noisy_dataset\wheat_leaf_blight\leaf_blight_724.png,wheat_leaf_blight,wheat_tan_spot,0.6684,0
evaluate\noisy_dataset\wheat_leaf_blight\leaf_blight_737.png,wheat_leaf_blight,wheat_brown_rust,0.6688,0
evaluate\noisy_dataset\wheat_leaf_blight\leaf_blight_751.png,wheat_leaf_blight,wheat_brown_rust,0.9621,0
evaluate\noisy_dataset\wheat_leaf_blight\leaf_blight_766.png,wheat_leaf_blight,wheat_leaf_blight,0.5891,1
evaluate\noisy_dataset\wheat_leaf_blight\leaf_blight_768.png,wheat_leaf_blight,wheat_brown_rust,0.7743,0
evaluate\noisy_dataset\wheat_leaf_blight\leaf_blight_799.png,wheat_leaf_blight,wheat_tan_spot,0.6819,0
evaluate\noisy_dataset\wheat_leaf_blight\leaf_blight_818.png,wheat_leaf_blight,wheat_brown_rust,0.8845,0
evaluate\noisy_dataset\wheat_leaf_blight\leaf_blight_835.png,wheat_leaf_blight,wheat_tan_spot,0.8916,0
evaluate\noisy_dataset\wheat_leaf_blight\leaf_blight_90.png,wheat_leaf_blight,wheat_brown_rust,0.5722,0
evaluate\noisy_dataset\wheat_mite\mite_178.png,wheat_mite,wheat_powdery_mildew,0.3082,0
evaluate\noisy_dataset\wheat_mite\mite_195.png,wheat_mite,wheat_tan_spot,0.4009,0
evaluate\noisy_dataset\wheat_mite\mite_199.png,wheat_mite,wheat_tan_spot,0.6871,0
evaluate\noisy_dataset\wheat_mite\mite_206.png,wheat_mite,wheat_mite,0.9812,1
evaluate\noisy_dataset\wheat_mite\mite_222.png,wheat_mite,wheat_brown_rust,0.4123,0
evaluate\noisy_dataset\wheat_mite\mite_248.png,wheat_mite,wheat_brown_rust,0.6222,0
evaluate\noisy_dataset\wheat_mite\mite_281.png,wheat_mite,wheat_tan_spot,0.3312,0
evaluate\noisy_dataset\wheat_mite\mite_29.png,wheat_mite,wheat_brown_rust,0.7621,0
evaluate\noisy_dataset\wheat_mite\mite_290.png,wheat_mite,wheat_brown_rust,0.9063,0
evaluate\noisy_dataset\wheat_mite\mite_318.png,wheat_mite,wheat_mite,0.3512,1
evaluate\noisy_dataset\wheat_mite\mite_321.png,wheat_mite,wheat_brown_rust,0.4514,0
evaluate\noisy_dataset\wheat_mite\mite_322.png,wheat_mite,wheat_powdery_mildew,0.4573,0
evaluate\noisy_dataset\wheat_mite\mite_344.png,wheat_mite,wheat_brown_rust,0.382,0
evaluate\noisy_dataset\wheat_mite\mite_385.png,wheat_mite,wheat_brown_rust,0.4459,0
evaluate\noisy_dataset\wheat_mite\mite_407.png,wheat_mite,wheat_brown_rust,0.9933,0
evaluate\noisy_dataset\wheat_mite\mite_415.png,wheat_mite,wheat_mite,0.9771,1
evaluate\noisy_dataset\wheat_mite\mite_425.png,wheat_mite,wheat_mite,0.9822,1
evaluate\noisy_dataset\wheat_mite\mite_440.png,wheat_mite,wheat_powdery_mildew,0.96,0
evaluate\noisy_dataset\wheat_mite\mite_441.png,wheat_mite,wheat_mite,0.4223,1
evaluate\noisy_dataset\wheat_mite\mite_45.png,wheat_mite,wheat_tan_spot,0.368,0
evaluate\noisy_dataset\wheat_mite\mite_452.png,wheat_mite,wheat_tan_spot,0.2731,0
evaluate\noisy_dataset\wheat_mite\mite_457.png,wheat_mite,wheat_powdery_mildew,0.7076,0
evaluate\noisy_dataset\wheat_mite\mite_461.png,wheat_mite,wheat_powdery_mildew,0.2775,0
evaluate\noisy_dataset\wheat_mite\mite_529.png,wheat_mite,wheat_mite,0.7949,1
evaluate\noisy_dataset\wheat_mite\mite_539.png,wheat_mite,wheat_brown_rust,0.4553,0
evaluate\noisy_dataset\wheat_mite\mite_562.png,wheat_mite,wheat_yellow_rust,0.3411,0
evaluate\noisy_dataset\wheat_mite\mite_564.png,wheat_mite,wheat_mite,0.9886,1
evaluate\noisy_dataset\wheat_mite\mite_576.png,wheat_mite,wheat_mite,0.6971,1
evaluate\noisy_dataset\wheat_mite\mite_579.png,wheat_mite,wheat_mite,0.4143,1
evaluate\noisy_dataset\wheat_mite\mite_591.png,wheat_mite,wheat_mite,0.7717,1
evaluate\noisy_dataset\wheat_mite\mite_60.png,wheat_mite,wheat_mite,0.8942,1
evaluate\noisy_dataset\wheat_mite\mite_606.png,wheat_mite,wheat_brown_rust,0.7441,0
evaluate\noisy_dataset\wheat_mite\mite_619.png,wheat_mite,wheat_brown_rust,0.4494,0
evaluate\noisy_dataset\wheat_mite\mite_629.png,wheat_mite,wheat_mite,0.9806,1
evaluate\noisy_dataset\wheat_mite\mite_666.png,wheat_mite,wheat_brown_rust,0.8993,0
evaluate\noisy_dataset\wheat_mite\mite_67.png,wheat_mite,wheat_brown_rust,0.6112,0
evaluate\noisy_dataset\wheat_mite\mite_675.png,wheat_mite,wheat_mite,0.4158,1
evaluate\noisy_dataset\wheat_mite\mite_690.png,wheat_mite,wheat_brown_rust,0.46,0
evaluate\noisy_dataset\wheat_mite\mite_699.png,wheat_mite,wheat_mite,0.8269,1
evaluate\noisy_dataset\wheat_mite\mite_70.png,wheat_mite,wheat_mite,0.4843,1
evaluate\noisy_dataset\wheat_mite\mite_703.png,wheat_mite,wheat_powdery_mildew,0.9592,0
evaluate\noisy_dataset\wheat_mite\mite_753.png,wheat_mite,wheat_brown_rust,0.4185,0
evaluate\noisy_dataset\wheat_mite\mite_769.png,wheat_mite,wheat_brown_rust,0.4268,0
evaluate\noisy_dataset\wheat_mite\mite_793.png,wheat_mite,wheat_brown_rust,0.5725,0
evaluate\noisy_dataset\wheat_mite\mite_85.png,wheat_mite,wheat_brown_rust,0.5094,0
evaluate\noisy_dataset\wheat_powdery_mildew\mildew_1048.png,wheat_powdery_mildew,wheat_brown_rust,0.5815,0
evaluate\noisy_dataset\wheat_powdery_mildew\mildew_1060.png,wheat_powdery_mildew,wheat_powdery_mildew,0.8276,1
evaluate\noisy_dataset\wheat_powdery_mildew\mildew_1078.png,wheat_powdery_mildew,wheat_powdery_mildew,0.952,1
evaluate\noisy_dataset\wheat_powdery_mildew\mildew_133.png,wheat_powdery_mildew,wheat_mite,0.3592,0
evaluate\noisy_dataset\wheat_powdery_mildew\mildew_142.png,wheat_powdery_mildew,wheat_brown_rust,0.2587,0
evaluate\noisy_dataset\wheat_powdery_mildew\mildew_231.png,wheat_powdery_mildew,wheat_powdery_mildew,0.6129,1
evaluate\noisy_dataset\wheat_powdery_mildew\mildew_232.png,wheat_powdery_mildew,wheat_tan_spot,0.4158,0
evaluate\noisy_dataset\wheat_powdery_mildew\mildew_269.png,wheat_powdery_mildew,wheat_brown_rust,0.9021,0
evaluate\noisy_dataset\wheat_powdery_mildew\mildew_285.png,wheat_powdery_mildew,wheat_brown_rust,0.9665,0
evaluate\noisy_dataset\wheat_powdery_mildew\mildew_293.png,wheat_powdery_mildew,wheat_powdery_mildew,0.3955,1
evaluate\noisy_dataset\wheat_powdery_mildew\mildew_327.png,wheat_powdery_mildew,wheat_brown_rust,0.6135,0
evaluate\noisy_dataset\wheat_powdery_mildew\mildew_339.png,wheat_powdery_mildew,wheat_powdery_mildew,0.9254,1
evaluate\noisy_dataset\wheat_powdery_mildew\mildew_343.png,wheat_powdery_mildew,wheat_powdery_mildew,0.4758,1
evaluate\noisy_dataset\wheat_powdery_mildew\mildew_349.png,wheat_powdery_mildew,wheat_brown_rust,0.8942,0
evaluate\noisy_dataset\wheat_powdery_mildew\mildew_367.png,wheat_powdery_mildew,wheat_powdery_mildew,0.3525,1
evaluate\noisy_dataset\wheat_powdery_mildew\mildew_410.png,wheat_powdery_mildew,wheat_brown_rust,0.8868,0
evaluate\noisy_dataset\wheat_powdery_mildew\mildew_411.png,wheat_powdery_mildew,wheat_brown_rust,0.6258,0
evaluate\noisy_dataset\wheat_powdery_mildew\mildew_412.png,wheat_powdery_mildew,wheat_brown_rust,0.891,0
evaluate\noisy_dataset\wheat_powdery_mildew\mildew_421.png,wheat_powdery_mildew,wheat_powdery_mildew,0.5656,1
evaluate\noisy_dataset\wheat_powdery_mildew\mildew_446.png,wheat_powdery_mildew,wheat_brown_rust,0.9678,0
evaluate\noisy_dataset\wheat_powdery_mildew\mildew_5.png,wheat_powdery_mildew,wheat_powdery_mildew,0.808,1
evaluate\noisy_dataset\wheat_powdery_mildew\mildew_51.png,wheat_powdery_mildew,wheat_powdery_mildew,0.9353,1
evaluate\noisy_dataset\wheat_powdery_mildew\mildew_551.png,wheat_powdery_mildew,wheat_powdery_mildew,0.6566,1
evaluate\noisy_dataset\wheat_powdery_mildew\mildew_554.png,wheat_powdery_mildew,wheat_brown_rust,0.4919,0
evaluate\noisy_dataset\wheat_powdery_mildew\mildew_558.png,wheat_powdery_mildew,wheat_brown_rust,0.9778,0
evaluate\noisy_dataset\wheat_powdery_mildew\mildew_566.png,wheat_powdery_mildew,wheat_brown_rust,0.8524,0
evaluate\noisy_dataset\wheat_powdery_mildew\mildew_569.png,wheat_powdery_mildew,wheat_brown_rust,0.356,0
evaluate\noisy_dataset\wheat_powdery_mildew\mildew_570.png,wheat_powdery_mildew,wheat_brown_rust,0.8533,0
evaluate\noisy_dataset\wheat_powdery_mildew\mildew_591.png,wheat_powdery_mildew,wheat_powdery_mildew,0.5956,1
evaluate\noisy_dataset\wheat_powdery_mildew\mildew_611.png,wheat_powdery_mildew,wheat_brown_rust,0.8483,0
evaluate\noisy_dataset\wheat_powdery_mildew\mildew_612.png,wheat_powdery_mildew,wheat_powdery_mildew,0.971,1
evaluate\noisy_dataset\wheat_powdery_mildew\mildew_613.png,wheat_powdery_mildew,wheat_brown_rust,0.9234,0
evaluate\noisy_dataset\wheat_powdery_mildew\mildew_627.png,wheat_powdery_mildew,wheat_brown_rust,0.7025,0
evaluate\noisy_dataset\wheat_powdery_mildew\mildew_649.png,wheat_powdery_mildew,wheat_brown_rust,0.4942,0
evaluate\noisy_dataset\wheat_powdery_mildew\mildew_658.png,wheat_powdery_mildew,wheat_brown_rust,0.8812,0
evaluate\noisy_dataset\wheat_powdery_mildew\mildew_687.png,wheat_powdery_mildew,wheat_powdery_mildew,0.8107,1
evaluate\noisy_dataset\wheat_powdery_mildew\mildew_714.png,wheat_powdery_mildew,wheat_brown_rust,0.9276,0
evaluate\noisy_dataset\wheat_powdery_mildew\mildew_748.png,wheat_powdery_mildew,wheat_smut,0.4763,0
evaluate\noisy_dataset\wheat_powdery_mildew\mildew_75.png,wheat_powdery_mildew,wheat_powdery_mildew,0.3431,1
evaluate\noisy_dataset\wheat_powdery_mildew\mildew_759.png,wheat_powdery_mildew,wheat_mite,0.4548,0
evaluate\noisy_dataset\wheat_powdery_mildew\mildew_770.png,wheat_powdery_mildew,wheat_powdery_mildew,0.6183,1
evaluate\noisy_dataset\wheat_powdery_mildew\mildew_775.png,wheat_powdery_mildew,wheat_brown_rust,0.9863,0
evaluate\noisy_dataset\wheat_powdery_mildew\mildew_829.png,wheat_powdery_mildew,wheat_brown_rust,0.7218,0
evaluate\noisy_dataset\wheat_powdery_mildew\mildew_848.png,wheat_powdery_mildew,wheat_brown_rust,0.9783,0
evaluate\noisy_dataset\wheat_powdery_mildew\mildew_87.png,wheat_powdery_mildew,wheat_brown_rust,0.5622,0
evaluate\noisy_dataset\wheat_root_rot\common_root_rot_114.png,wheat_root_rot,wheat_brown_rust,0.5697,0
evaluate\noisy_dataset\wheat_root_rot\common_root_rot_120.png,wheat_root_rot,wheat_tan_spot,0.5662,0
evaluate\noisy_dataset\wheat_root_rot\common_root_rot_127.png,wheat_root_rot,wheat_mite,0.4912,0
evaluate\noisy_dataset\wheat_root_rot\common_root_rot_13.png,wheat_root_rot,wheat_smut,0.8407,0
evaluate\noisy_dataset\wheat_root_rot\common_root_rot_134.png,wheat_root_rot,wheat_brown_rust,0.7202,0
evaluate\noisy_dataset\wheat_root_rot\common_root_rot_139.png,wheat_root_rot,wheat_brown_rust,0.9467,0
evaluate\noisy_dataset\wheat_root_rot\common_root_rot_188.png,wheat_root_rot,wheat_mite,0.3771,0
evaluate\noisy_dataset\wheat_root_rot\common_root_rot_22.png,wheat_root_rot,wheat_brown_rust,0.616,0
evaluate\noisy_dataset\wheat_root_rot\common_root_rot_237.png,wheat_root_rot,wheat_brown_rust,0.3701,0
evaluate\noisy_dataset\wheat_root_rot\common_root_rot_24.png,wheat_root_rot,wheat_mite,0.5893,0
evaluate\noisy_dataset\wheat_root_rot\common_root_rot_244.png,wheat_root_rot,wheat_brown_rust,0.551,0
evaluate\noisy_dataset\wheat_root_rot\common_root_rot_249.png,wheat_root_rot,wheat_brown_rust,0.2471,0
evaluate\noisy_dataset\wheat_root_rot\common_root_rot_279.png,wheat_root_rot,wheat_powdery_mildew,0.3696,0
evaluate\noisy_dataset\wheat_root_rot\common_root_rot_294.png,wheat_root_rot,wheat_powdery_mildew,0.5146,0
evaluate\noisy_dataset\wheat_root_rot\common_root_rot_312.png,wheat_root_rot,wheat_brown_rust,0.4123,0
evaluate\noisy_dataset\wheat_root_rot\common_root_rot_313.png,wheat_root_rot,wheat_mite,0.9891,0
evaluate\noisy_dataset\wheat_root_rot\common_root_rot_331.png,wheat_root_rot,wheat_powdery_mildew,0.8662,0
evaluate\noisy_dataset\wheat_root_rot\common_root_rot_334.png,wheat_root_rot,wheat_brown_rust,0.4907,0
evaluate\noisy_dataset\wheat_root_rot\common_root_rot_346.png,wheat_root_rot,wheat_powdery_mildew,0.5539,0
evaluate\noisy_dataset\wheat_root_rot\common_root_rot_349.png,wheat_root_rot,wheat_mite,0.6265,0
evaluate\noisy_dataset\wheat_root_rot\common_root_rot_353.png,wheat_root_rot,wheat_mite,0.7477,0
evaluate\noisy_dataset\wheat_root_rot\common_root_rot_358.png,wheat_root_rot,wheat_mite,0.8885,0
evaluate\noisy_dataset\wheat_root_rot\common_root_rot_37.png,wheat_root_rot,wheat_powdery_mildew,0.4515,0
evaluate\noisy_dataset\wheat_root_rot\common_root_rot_380.png,wheat_root_rot,wheat_smut,0.2082,0
evaluate\noisy_dataset\wheat_root_rot\common_root_rot_384.png,wheat_root_rot,wheat_tan_spot,0.5119,0
evaluate\noisy_dataset\wheat_root_rot\common_root_rot_386.png,wheat_root_rot,wheat_powdery_mildew,0.6507,0
evaluate\noisy_dataset\wheat_root_rot\common_root_rot_401.png,wheat_root_rot,wheat_mite,0.6118,0
evaluate\noisy_dataset\wheat_root_rot\common_root_rot_402.png,wheat_root_rot,wheat_tan_spot,0.4918,0
evaluate\noisy_dataset\wheat_root_rot\common_root_rot_403.png,wheat_root_rot,wheat_tan_spot,0.3384,0
evaluate\noisy_dataset\wheat_root_rot\common_root_rot_407.png,wheat_root_rot,wheat_brown_rust,0.7463,0
evaluate\noisy_dataset\wheat_root_rot\common_root_rot_414.png,wheat_root_rot,wheat_tan_spot,0.3665,0
evaluate\noisy_dataset\wheat_root_rot\common_root_rot_415.png,wheat_root_rot,wheat_mite,0.4368,0
evaluate\noisy_dataset\wheat_root_rot\common_root_rot_422.png,wheat_root_rot,wheat_mite,0.9714,0
evaluate\noisy_dataset\wheat_root_rot\common_root_rot_486.png,wheat_root_rot,wheat_tan_spot,0.2959,0
evaluate\noisy_dataset\wheat_root_rot\common_root_rot_492.png,wheat_root_rot,wheat_brown_rust,0.5796,0
evaluate\noisy_dataset\wheat_root_rot\common_root_rot_513.png,wheat_root_rot,wheat_tan_spot,0.2974,0
evaluate\noisy_dataset\wheat_root_rot\common_root_rot_536.png,wheat_root_rot,wheat_mite,0.6342,0
evaluate\noisy_dataset\wheat_root_rot\common_root_rot_551.png,wheat_root_rot,wheat_powdery_mildew,0.4314,0
evaluate\noisy_dataset\wheat_root_rot\common_root_rot_574.png,wheat_root_rot,wheat_mite,0.5938,0
evaluate\noisy_dataset\wheat_root_rot\common_root_rot_575.png,wheat_root_rot,wheat_brown_rust,0.3173,0
evaluate\noisy_dataset\wheat_root_rot\common_root_rot_58.png,wheat_root_rot,wheat_brown_rust,0.6557,0
evaluate\noisy_dataset\wheat_root_rot\common_root_rot_605.png,wheat_root_rot,wheat_brown_rust,0.3383,0
evaluate\noisy_dataset\wheat_root_rot\common_root_rot_67.png,wheat_root_rot,wheat_powdery_mildew,0.6798,0
evaluate\noisy_dataset\wheat_root_rot\common_root_rot_71.png,wheat_root_rot,wheat_mite,0.5987,0
evaluate\noisy_dataset\wheat_root_rot\common_root_rot_8.png,wheat_root_rot,wheat_brown_rust,0.859,0
evaluate\noisy_dataset\wheat_septoria\septoria_1023.png,wheat_septoria,wheat_brown_rust,0.8025,0
evaluate\noisy_dataset\wheat_septoria\septoria_1050.png,wheat_septoria,wheat_brown_rust,0.7873,0
evaluate\noisy_dataset\wheat_septoria\septoria_1063.png,wheat_septoria,wheat_brown_rust,0.993,0
evaluate\noisy_dataset\wheat_septoria\septoria_1119.png,wheat_septoria,wheat_powdery_mildew,0.7421,0
evaluate\noisy_dataset\wheat_septoria\septoria_170.png,wheat_septoria,wheat_brown_rust,0.9213,0
evaluate\noisy_dataset\wheat_septoria\septoria_238.png,wheat_septoria,wheat_brown_rust,0.6245,0
evaluate\noisy_dataset\wheat_septoria\septoria_241.png,wheat_septoria,wheat_brown_rust,0.8369,0
evaluate\noisy_dataset\wheat_septoria\septoria_25.png,wheat_septoria,wheat_mite,0.3347,0
evaluate\noisy_dataset\wheat_septoria\septoria_257.png,wheat_septoria,wheat_powdery_mildew,0.3383,0
evaluate\noisy_dataset\wheat_septoria\septoria_262.png,wheat_septoria,wheat_brown_rust,0.3835,0
evaluate\noisy_dataset\wheat_septoria\septoria_346.png,wheat_septoria,wheat_brown_rust,0.9658,0
evaluate\noisy_dataset\wheat_septoria\septoria_351.png,wheat_septoria,wheat_brown_rust,0.4633,0
evaluate\noisy_dataset\wheat_septoria\septoria_4.png,wheat_septoria,wheat_mite,0.3497,0
evaluate\noisy_dataset\wheat_septoria\septoria_405.png,wheat_septoria,wheat_brown_rust,0.492,0
evaluate\noisy_dataset\wheat_septoria\septoria_442.png,wheat_septoria,wheat_brown_rust,0.9079,0
evaluate\noisy_dataset\wheat_septoria\septoria_460.png,wheat_septoria,wheat_powdery_mildew,0.529,0
evaluate\noisy_dataset\wheat_septoria\septoria_467.png,wheat_septoria,wheat_brown_rust,0.6004,0
evaluate\noisy_dataset\wheat_septoria\septoria_485.png,wheat_septoria,wheat_brown_rust,0.4287,0
evaluate\noisy_dataset\wheat_septoria\septoria_534.png,wheat_septoria,wheat_brown_rust,0.6131,0
evaluate\noisy_dataset\wheat_septoria\septoria_539.png,wheat_septoria,wheat_mite,0.7514,0
evaluate\noisy_dataset\wheat_septoria\septoria_572.png,wheat_septoria,wheat_powdery_mildew,0.6845,0
evaluate\noisy_dataset\wheat_septoria\septoria_592.png,wheat_septoria,wheat_brown_rust,0.7215,0
evaluate\noisy_dataset\wheat_septoria\septoria_667.png,wheat_septoria,wheat_brown_rust,0.957,0
evaluate\noisy_dataset\wheat_septoria\septoria_688.png,wheat_septoria,wheat_powdery_mildew,0.6765,0
evaluate\noisy_dataset\wheat_septoria\septoria_70.png,wheat_septoria,wheat_brown_rust,0.9957,0
evaluate\noisy_dataset\wheat_septoria\septoria_700.png,wheat_septoria,wheat_brown_rust,0.5904,0
evaluate\noisy_dataset\wheat_septoria\septoria_705.png,wheat_septoria,wheat_brown_rust,0.8461,0
evaluate\noisy_dataset\wheat_septoria\septoria_711.png,wheat_septoria,wheat_mite,0.59,0
evaluate\noisy_dataset\wheat_septoria\septoria_72.png,wheat_septoria,wheat_brown_rust,0.7425,0
evaluate\noisy_dataset\wheat_septoria\septoria_724.png,wheat_septoria,wheat_brown_rust,0.8093,0
evaluate\noisy_dataset\wheat_septoria\septoria_733.png,wheat_septoria,wheat_brown_rust,0.9345,0
evaluate\noisy_dataset\wheat_septoria\septoria_755.png,wheat_septoria,wheat_brown_rust,0.775,0
evaluate\noisy_dataset\wheat_septoria\septoria_756.png,wheat_septoria,wheat_mite,0.4619,0
evaluate\noisy_dataset\wheat_septoria\septoria_760.png,wheat_septoria,wheat_powdery_mildew,0.8194,0
evaluate\noisy_dataset\wheat_septoria\septoria_798.png,wheat_septoria,wheat_powdery_mildew,0.4261,0
evaluate\noisy_dataset\wheat_septoria\septoria_799.png,wheat_septoria,wheat_brown_rust,0.3487,0
evaluate\noisy_dataset\wheat_septoria\septoria_804.png,wheat_septoria,wheat_powdery_mildew,0.6054,0
evaluate\noisy_dataset\wheat_septoria\septoria_809.png,wheat_septoria,wheat_black_rust,0.6929,0
evaluate\noisy_dataset\wheat_septoria\septoria_891.png,wheat_septoria,wheat_tan_spot,0.3465,0
evaluate\noisy_dataset\wheat_septoria\septoria_902.png,wheat_septoria,wheat_tan_spot,0.4945,0
evaluate\noisy_dataset\wheat_septoria\septoria_916.png,wheat_septoria,wheat_mite,0.6851,0
evaluate\noisy_dataset\wheat_septoria\septoria_929.png,wheat_septoria,wheat_brown_rust,0.8858,0
evaluate\noisy_dataset\wheat_septoria\septoria_938.png,wheat_septoria,wheat_brown_rust,0.9593,0
evaluate\noisy_dataset\wheat_septoria\septoria_954.png,wheat_septoria,wheat_brown_rust,0.5913,0
evaluate\noisy_dataset\wheat_septoria\septoria_979.png,wheat_septoria,wheat_brown_rust,0.868,0
evaluate\noisy_dataset\wheat_smut\smut_10.png,wheat_smut,wheat_brown_rust,0.6344,0
evaluate\noisy_dataset\wheat_smut\smut_1023.png,wheat_smut,wheat_brown_rust,0.6364,0
evaluate\noisy_dataset\wheat_smut\smut_1029.png,wheat_smut,wheat_mite,0.4167,0
evaluate\noisy_dataset\wheat_smut\smut_104.png,wheat_smut,wheat_tan_spot,0.3643,0
evaluate\noisy_dataset\wheat_smut\smut_1107.png,wheat_smut,wheat_brown_rust,0.6508,0
evaluate\noisy_dataset\wheat_smut\smut_1150.png,wheat_smut,wheat_aphid,0.2873,0
evaluate\noisy_dataset\wheat_smut\smut_1159.png,wheat_smut,wheat_brown_rust,0.2299,0
evaluate\noisy_dataset\wheat_smut\smut_1166.png,wheat_smut,wheat_smut,0.3804,1
evaluate\noisy_dataset\wheat_smut\smut_1170.png,wheat_smut,wheat_brown_rust,0.7953,0
evaluate\noisy_dataset\wheat_smut\smut_1202.png,wheat_smut,wheat_powdery_mildew,0.5255,0
evaluate\noisy_dataset\wheat_smut\smut_1233.png,wheat_smut,wheat_powdery_mildew,0.2969,0
evaluate\noisy_dataset\wheat_smut\smut_1294.png,wheat_smut,wheat_brown_rust,0.8749,0
evaluate\noisy_dataset\wheat_smut\smut_180.png,wheat_smut,wheat_smut,0.8034,1
evaluate\noisy_dataset\wheat_smut\smut_182.png,wheat_smut,wheat_smut,0.835,1
evaluate\noisy_dataset\wheat_smut\smut_217.png,wheat_smut,wheat_brown_rust,0.6351,0
evaluate\noisy_dataset\wheat_smut\smut_235.png,wheat_smut,wheat_powdery_mildew,0.3108,0
evaluate\noisy_dataset\wheat_smut\smut_241.png,wheat_smut,wheat_brown_rust,0.4189,0
evaluate\noisy_dataset\wheat_smut\smut_28.png,wheat_smut,wheat_brown_rust,0.6734,0
evaluate\noisy_dataset\wheat_smut\smut_307.png,wheat_smut,wheat_powdery_mildew,0.3884,0
evaluate\noisy_dataset\wheat_smut\smut_335.png,wheat_smut,wheat_mite,0.2787,0
evaluate\noisy_dataset\wheat_smut\smut_354.png,wheat_smut,wheat_brown_rust,0.3153,0
evaluate\noisy_dataset\wheat_smut\smut_359.png,wheat_smut,wheat_mite,0.7498,0
evaluate\noisy_dataset\wheat_smut\smut_363.png,wheat_smut,wheat_smut,0.4496,1
evaluate\noisy_dataset\wheat_smut\smut_369.png,wheat_smut,wheat_brown_rust,0.4732,0
evaluate\noisy_dataset\wheat_smut\smut_401.png,wheat_smut,wheat_brown_rust,0.8411,0
evaluate\noisy_dataset\wheat_smut\smut_402.png,wheat_smut,wheat_mite,0.4088,0
evaluate\noisy_dataset\wheat_smut\smut_412.png,wheat_smut,wheat_brown_rust,0.3046,0
evaluate\noisy_dataset\wheat_smut\smut_626.png,wheat_smut,wheat_smut,0.8379,1
evaluate\noisy_dataset\wheat_smut\smut_650.png,wheat_smut,wheat_mite,0.3222,0
evaluate\noisy_dataset\wheat_smut\smut_652.png,wheat_smut,wheat_tan_spot,0.2339,0
evaluate\noisy_dataset\wheat_smut\smut_680.png,wheat_smut,wheat_brown_rust,0.7781,0
evaluate\noisy_dataset\wheat_smut\smut_684.png,wheat_smut,wheat_mite,0.3521,0
evaluate\noisy_dataset\wheat_smut\smut_702.png,wheat_smut,wheat_brown_rust,0.9509,0
evaluate\noisy_dataset\wheat_smut\smut_709.png,wheat_smut,wheat_brown_rust,0.9454,0
evaluate\noisy_dataset\wheat_smut\smut_750.png,wheat_smut,wheat_brown_rust,0.379,0
evaluate\noisy_dataset\wheat_smut\smut_792.png,wheat_smut,wheat_brown_rust,0.8724,0
evaluate\noisy_dataset\wheat_smut\smut_847.png,wheat_smut,wheat_smut,0.8823,1
evaluate\noisy_dataset\wheat_smut\smut_866.png,wheat_smut,wheat_brown_rust,0.8013,0
evaluate\noisy_dataset\wheat_smut\smut_877.png,wheat_smut,wheat_brown_rust,0.6585,0
evaluate\noisy_dataset\wheat_smut\smut_902.png,wheat_smut,wheat_powdery_mildew,0.4805,0
evaluate\noisy_dataset\wheat_smut\smut_95.png,wheat_smut,wheat_brown_rust,0.7265,0
evaluate\noisy_dataset\wheat_smut\smut_96.png,wheat_smut,wheat_brown_rust,0.64,0
evaluate\noisy_dataset\wheat_smut\smut_965.png,wheat_smut,wheat_powdery_mildew,0.6347,0
evaluate\noisy_dataset\wheat_smut\smut_972.png,wheat_smut,wheat_brown_rust,0.6264,0
evaluate\noisy_dataset\wheat_stem_fly\stem_fly_1.png,wheat_stem_fly,wheat_brown_rust,0.8867,0
evaluate\noisy_dataset\wheat_stem_fly\stem_fly_10.png,wheat_stem_fly,wheat_brown_rust,0.7883,0
evaluate\noisy_dataset\wheat_stem_fly\stem_fly_114.png,wheat_stem_fly,wheat_mite,0.5078,0
evaluate\noisy_dataset\wheat_stem_fly\stem_fly_118.png,wheat_stem_fly,wheat_mite,0.9656,0
evaluate\noisy_dataset\wheat_stem_fly\stem_fly_12.png,wheat_stem_fly,wheat_brown_rust,0.6082,0
evaluate\noisy_dataset\wheat_stem_fly\stem_fly_121.png,wheat_stem_fly,wheat_powdery_mildew,0.4897,0
evaluate\noisy_dataset\wheat_stem_fly\stem_fly_124.png,wheat_stem_fly,wheat_smut,0.3479,0
evaluate\noisy_dataset\wheat_stem_fly\stem_fly_13.png,wheat_stem_fly,wheat_mite,0.7326,0
evaluate\noisy_dataset\wheat_stem_fly\stem_fly_134.png,wheat_stem_fly,wheat_mite,0.9945,0
evaluate\noisy_dataset\wheat_stem_fly\stem_fly_135.png,wheat_stem_fly,wheat_stem_fly,0.88,1
evaluate\noisy_dataset\wheat_stem_fly\stem_fly_136.png,wheat_stem_fly,wheat_mite,0.6399,0
evaluate\noisy_dataset\wheat_stem_fly\stem_fly_163.png,wheat_stem_fly,wheat_mite,0.6009,0
evaluate\noisy_dataset\wheat_stem_fly\stem_fly_170.png,wheat_stem_fly,wheat_mite,0.7993,0
evaluate\noisy_dataset\wheat_stem_fly\stem_fly_184.png,wheat_stem_fly,wheat_brown_rust,0.9456,0
evaluate\noisy_dataset\wheat_stem_fly\stem_fly_186.png,wheat_stem_fly,wheat_powdery_mildew,0.6977,0
evaluate\noisy_dataset\wheat_stem_fly\stem_fly_190.png,wheat_stem_fly,wheat_powdery_mildew,0.3289,0
evaluate\noisy_dataset\wheat_stem_fly\stem_fly_2.png,wheat_stem_fly,wheat_mite,0.5747,0
evaluate\noisy_dataset\wheat_stem_fly\stem_fly_201.png,wheat_stem_fly,wheat_mite,0.7529,0
evaluate\noisy_dataset\wheat_stem_fly\stem_fly_208.png,wheat_stem_fly,wheat_powdery_mildew,0.3138,0
evaluate\noisy_dataset\wheat_stem_fly\stem_fly_21.png,wheat_stem_fly,wheat_brown_rust,0.6101,0
evaluate\noisy_dataset\wheat_stem_fly\stem_fly_219.png,wheat_stem_fly,wheat_stem_fly,0.7756,1
evaluate\noisy_dataset\wheat_stem_fly\stem_fly_225.png,wheat_stem_fly,wheat_mite,0.9697,0
evaluate\noisy_dataset\wheat_stem_fly\stem_fly_227.png,wheat_stem_fly,wheat_brown_rust,0.5142,0
evaluate\noisy_dataset\wheat_stem_fly\stem_fly_230.png,wheat_stem_fly,wheat_mite,0.8759,0
evaluate\noisy_dataset\wheat_stem_fly\stem_fly_46.png,wheat_stem_fly,wheat_brown_rust,0.86,0
evaluate\noisy_dataset\wheat_stem_fly\stem_fly_48.png,wheat_stem_fly,wheat_mite,0.5356,0
evaluate\noisy_dataset\wheat_stem_fly\stem_fly_49.png,wheat_stem_fly,wheat_mite,0.8821,0
evaluate\noisy_dataset\wheat_stem_fly\stem_fly_60.png,wheat_stem_fly,wheat_mite,0.919,0
evaluate\noisy_dataset\wheat_stem_fly\stem_fly_62.png,wheat_stem_fly,wheat_mite,0.9294,0
evaluate\noisy_dataset\wheat_stem_fly\stem_fly_63.png,wheat_stem_fly,wheat_tan_spot,0.4409,0
evaluate\noisy_dataset\wheat_stem_fly\stem_fly_70.png,wheat_stem_fly,wheat_mite,0.9945,0
evaluate\noisy_dataset\wheat_stem_fly\stem_fly_83.png,wheat_stem_fly,wheat_brown_rust,0.4829,0
evaluate\noisy_dataset\wheat_stem_fly\stem_fly_84.png,wheat_stem_fly,wheat_brown_rust,0.9707,0
evaluate\noisy_dataset\wheat_stem_fly\stem_fly_87.png,wheat_stem_fly,wheat_mite,0.9304,0
evaluate\noisy_dataset\wheat_stem_fly\stem_fly_89.png,wheat_stem_fly,wheat_powdery_mildew,0.9132,0
evaluate\noisy_dataset\wheat_tan_spot\tan_spot_112.png,wheat_tan_spot,wheat_brown_rust,0.8349,0
evaluate\noisy_dataset\wheat_tan_spot\tan_spot_119.png,wheat_tan_spot,wheat_mite,0.8787,0
evaluate\noisy_dataset\wheat_tan_spot\tan_spot_132.png,wheat_tan_spot,wheat_brown_rust,0.5786,0
evaluate\noisy_dataset\wheat_tan_spot\tan_spot_14.png,wheat_tan_spot,wheat_tan_spot,0.3691,1
evaluate\noisy_dataset\wheat_tan_spot\tan_spot_146.png,wheat_tan_spot,wheat_mite,0.8897,0
evaluate\noisy_dataset\wheat_tan_spot\tan_spot_176.png,wheat_tan_spot,wheat_mite,0.9932,0
evaluate\noisy_dataset\wheat_tan_spot\tan_spot_213.png,wheat_tan_spot,wheat_powdery_mildew,0.7246,0
evaluate\noisy_dataset\wheat_tan_spot\tan_spot_289.png,wheat_tan_spot,wheat_brown_rust,0.9671,0
evaluate\noisy_dataset\wheat_tan_spot\tan_spot_300.png,wheat_tan_spot,wheat_tan_spot,0.3684,1
evaluate\noisy_dataset\wheat_tan_spot\tan_spot_314.png,wheat_tan_spot,wheat_brown_rust,0.834,0
evaluate\noisy_dataset\wheat_tan_spot\tan_spot_318.png,wheat_tan_spot,wheat_mite,0.5523,0
evaluate\noisy_dataset\wheat_tan_spot\tan_spot_319.png,wheat_tan_spot,wheat_mite,0.5635,0
evaluate\noisy_dataset\wheat_tan_spot\tan_spot_324.png,wheat_tan_spot,wheat_mite,0.4554,0
evaluate\noisy_dataset\wheat_tan_spot\tan_spot_332.png,wheat_tan_spot,wheat_brown_rust,0.8111,0
evaluate\noisy_dataset\wheat_tan_spot\tan_spot_345.png,wheat_tan_spot,wheat_brown_rust,0.9092,0
evaluate\noisy_dataset\wheat_tan_spot\tan_spot_366.png,wheat_tan_spot,wheat_brown_rust,0.5337,0
evaluate\noisy_dataset\wheat_tan_spot\tan_spot_368.png,wheat_tan_spot,wheat_brown_rust,0.8123,0
evaluate\noisy_dataset\wheat_tan_spot\tan_spot_392.png,wheat_tan_spot,wheat_brown_rust,0.905,0
evaluate\noisy_dataset\wheat_tan_spot\tan_spot_394.png,wheat_tan_spot,wheat_brown_rust,0.9954,0
evaluate\noisy_dataset\wheat_tan_spot\tan_spot_399.png,wheat_tan_spot,wheat_brown_rust,0.8284,0
evaluate\noisy_dataset\wheat_tan_spot\tan_spot_402.png,wheat_tan_spot,wheat_brown_rust,0.6721,0
evaluate\noisy_dataset\wheat_tan_spot\tan_spot_410.png,wheat_tan_spot,wheat_fusarium_head_blight,0.2278,0
evaluate\noisy_dataset\wheat_tan_spot\tan_spot_419.png,wheat_tan_spot,wheat_brown_rust,0.4845,0
evaluate\noisy_dataset\wheat_tan_spot\tan_spot_423.png,wheat_tan_spot,wheat_brown_rust,0.9923,0
evaluate\noisy_dataset\wheat_tan_spot\tan_spot_438.png,wheat_tan_spot,wheat_brown_rust,0.6847,0
evaluate\noisy_dataset\wheat_tan_spot\tan_spot_456.png,wheat_tan_spot,wheat_brown_rust,0.7321,0
evaluate\noisy_dataset\wheat_tan_spot\tan_spot_516.png,wheat_tan_spot,wheat_brown_rust,0.7795,0
evaluate\noisy_dataset\wheat_tan_spot\tan_spot_524.png,wheat_tan_spot,wheat_brown_rust,0.9912,0
evaluate\noisy_dataset\wheat_tan_spot\tan_spot_546.png,wheat_tan_spot,wheat_brown_rust,0.9598,0
evaluate\noisy_dataset\wheat_tan_spot\tan_spot_557.png,wheat_tan_spot,wheat_brown_rust,0.9273,0
evaluate\noisy_dataset\wheat_tan_spot\tan_spot_568.png,wheat_tan_spot,wheat_brown_rust,0.737,0
evaluate\noisy_dataset\wheat_tan_spot\tan_spot_585.png,wheat_tan_spot,wheat_brown_rust,0.4075,0
evaluate\noisy_dataset\wheat_tan_spot\tan_spot_598.png,wheat_tan_spot,wheat_brown_rust,0.8861,0
evaluate\noisy_dataset\wheat_tan_spot\tan_spot_613.png,wheat_tan_spot,wheat_brown_rust,0.9692,0
evaluate\noisy_dataset\wheat_tan_spot\tan_spot_634.png,wheat_tan_spot,wheat_brown_rust,0.6886,0
evaluate\noisy_dataset\wheat_tan_spot\tan_spot_646.png,wheat_tan_spot,wheat_powdery_mildew,0.9742,0
evaluate\noisy_dataset\wheat_tan_spot\tan_spot_648.png,wheat_tan_spot,wheat_brown_rust,0.7921,0
evaluate\noisy_dataset\wheat_tan_spot\tan_spot_670.png,wheat_tan_spot,wheat_brown_rust,0.9109,0
evaluate\noisy_dataset\wheat_tan_spot\tan_spot_673.png,wheat_tan_spot,wheat_brown_rust,0.6791,0
evaluate\noisy_dataset\wheat_tan_spot\tan_spot_721.png,wheat_tan_spot,wheat_brown_rust,0.7593,0
evaluate\noisy_dataset\wheat_tan_spot\tan_spot_73.png,wheat_tan_spot,wheat_brown_rust,0.9935,0
evaluate\noisy_dataset\wheat_tan_spot\tan_spot_732.png,wheat_tan_spot,wheat_brown_rust,0.8508,0
evaluate\noisy_dataset\wheat_tan_spot\tan_spot_736.png,wheat_tan_spot,wheat_powdery_mildew,0.5462,0
evaluate\noisy_dataset\wheat_tan_spot\tan_spot_80.png,wheat_tan_spot,wheat_brown_rust,0.7945,0
evaluate\noisy_dataset\wheat_tan_spot\tan_spot_87.png,wheat_tan_spot,wheat_brown_rust,0.5001,0
evaluate\noisy_dataset\wheat_yellow_rust\yellow_rust_1006.png,wheat_yellow_rust,wheat_brown_rust,0.4591,0
evaluate\noisy_dataset\wheat_yellow_rust\yellow_rust_1027.png,wheat_yellow_rust,wheat_brown_rust,0.3882,0
evaluate\noisy_dataset\wheat_yellow_rust\yellow_rust_103.png,wheat_yellow_rust,wheat_brown_rust,0.8055,0
evaluate\noisy_dataset\wheat_yellow_rust\yellow_rust_1054.png,wheat_yellow_rust,wheat_tan_spot,0.4073,0
evaluate\noisy_dataset\wheat_yellow_rust\yellow_rust_1095.png,wheat_yellow_rust,wheat_powdery_mildew,0.4445,0
evaluate\noisy_dataset\wheat_yellow_rust\yellow_rust_1125.png,wheat_yellow_rust,wheat_powdery_mildew,0.737,0
evaluate\noisy_dataset\wheat_yellow_rust\yellow_rust_1189.png,wheat_yellow_rust,wheat_powdery_mildew,0.6589,0
evaluate\noisy_dataset\wheat_yellow_rust\yellow_rust_121.png,wheat_yellow_rust,wheat_brown_rust,0.5013,0
evaluate\noisy_dataset\wheat_yellow_rust\yellow_rust_1214.png,wheat_yellow_rust,wheat_mite,0.2603,0
evaluate\noisy_dataset\wheat_yellow_rust\yellow_rust_1218.png,wheat_yellow_rust,wheat_yellow_rust,0.3177,1
evaluate\noisy_dataset\wheat_yellow_rust\yellow_rust_1223.png,wheat_yellow_rust,wheat_powdery_mildew,0.5827,0
evaluate\noisy_dataset\wheat_yellow_rust\yellow_rust_126.png,wheat_yellow_rust,wheat_tan_spot,0.462,0
evaluate\noisy_dataset\wheat_yellow_rust\yellow_rust_1260.png,wheat_yellow_rust,wheat_brown_rust,0.4221,0
evaluate\noisy_dataset\wheat_yellow_rust\yellow_rust_1278.png,wheat_yellow_rust,wheat_powdery_mildew,0.3605,0
evaluate\noisy_dataset\wheat_yellow_rust\yellow_rust_1297.png,wheat_yellow_rust,wheat_brown_rust,0.6213,0
evaluate\noisy_dataset\wheat_yellow_rust\yellow_rust_155.png,wheat_yellow_rust,wheat_brown_rust,0.4196,0
evaluate\noisy_dataset\wheat_yellow_rust\yellow_rust_176.png,wheat_yellow_rust,wheat_powdery_mildew,0.5958,0
evaluate\noisy_dataset\wheat_yellow_rust\yellow_rust_201.png,wheat_yellow_rust,wheat_tan_spot,0.3885,0
evaluate\noisy_dataset\wheat_yellow_rust\yellow_rust_271.png,wheat_yellow_rust,wheat_brown_rust,0.8269,0
evaluate\noisy_dataset\wheat_yellow_rust\yellow_rust_304.png,wheat_yellow_rust,wheat_brown_rust,0.485,0
evaluate\noisy_dataset\wheat_yellow_rust\yellow_rust_32.png,wheat_yellow_rust,wheat_brown_rust,0.5456,0
evaluate\noisy_dataset\wheat_yellow_rust\yellow_rust_342.png,wheat_yellow_rust,wheat_brown_rust,0.8247,0
evaluate\noisy_dataset\wheat_yellow_rust\yellow_rust_363.png,wheat_yellow_rust,wheat_mite,0.6399,0
evaluate\noisy_dataset\wheat_yellow_rust\yellow_rust_369.png,wheat_yellow_rust,wheat_brown_rust,0.6865,0
evaluate\noisy_dataset\wheat_yellow_rust\yellow_rust_381.png,wheat_yellow_rust,wheat_brown_rust,0.3596,0
evaluate\noisy_dataset\wheat_yellow_rust\yellow_rust_437.png,wheat_yellow_rust,wheat_powdery_mildew,0.3494,0
evaluate\noisy_dataset\wheat_yellow_rust\yellow_rust_475.png,wheat_yellow_rust,wheat_powdery_mildew,0.4386,0
evaluate\noisy_dataset\wheat_yellow_rust\yellow_rust_523.png,wheat_yellow_rust,wheat_powdery_mildew,0.525,0
evaluate\noisy_dataset\wheat_yellow_rust\yellow_rust_525.png,wheat_yellow_rust,wheat_mite,0.3434,0
evaluate\noisy_dataset\wheat_yellow_rust\yellow_rust_53.png,wheat_yellow_rust,wheat_brown_rust,0.4875,0
evaluate\noisy_dataset\wheat_yellow_rust\yellow_rust_549.png,wheat_yellow_rust,wheat_powdery_mildew,0.933,0
evaluate\noisy_dataset\wheat_yellow_rust\yellow_rust_561.png,wheat_yellow_rust,wheat_powdery_mildew,0.2097,0
evaluate\noisy_dataset\wheat_yellow_rust\yellow_rust_676.png,wheat_yellow_rust,wheat_brown_rust,0.4508,0
evaluate\noisy_dataset\wheat_yellow_rust\yellow_rust_690.png,wheat_yellow_rust,wheat_powdery_mildew,0.8218,0
evaluate\noisy_dataset\wheat_yellow_rust\yellow_rust_717.png,wheat_yellow_rust,wheat_powdery_mildew,0.4649,0
evaluate\noisy_dataset\wheat_yellow_rust\yellow_rust_748.png,wheat_yellow_rust,wheat_brown_rust,0.5766,0
evaluate\noisy_dataset\wheat_yellow_rust\yellow_rust_754.png,wheat_yellow_rust,wheat_tan_spot,0.4016,0
evaluate\noisy_dataset\wheat_yellow_rust\yellow_rust_873.png,wheat_yellow_rust,wheat_brown_rust,0.8974,0
evaluate\noisy_dataset\wheat_yellow_rust\yellow_rust_879.png,wheat_yellow_rust,wheat_brown_rust,0.6289,0
evaluate\noisy_dataset\wheat_yellow_rust\yellow_rust_898.png,wheat_yellow_rust,wheat_powdery_mildew,0.7337,0
evaluate\noisy_dataset\wheat_yellow_rust\yellow_rust_900.png,wheat_yellow_rust,wheat_mite,0.3335,0
evaluate\noisy_dataset\wheat_yellow_rust\yellow_rust_903.png,wheat_yellow_rust,wheat_brown_rust,0.6608,0
evaluate\noisy_dataset\wheat_yellow_rust\yellow_rust_949.png,wheat_yellow_rust,wheat_brown_rust,0.5592,0
evaluate\noisy_dataset\wheat_yellow_rust\yellow_rust_950.png,wheat_yellow_rust,wheat_brown_rust,0.5384,0
evaluate\noisy_dataset\wheat_yellow_rust\yellow_rust_963.png,wheat_yellow_rust,wheat_brown_rust,0.9355,0
